INR,VKORC1 G alleles,CYP2C9 1 alleles,CYP2C9 2 alleles,Age,Dose
1.0,1.0,0.5,0.5,50.0,12.0
1.0035036,1.0,0.5,0.5,50.0,12.0
1.007007,1.0,0.5,0.5,50.0,12.0
1.0105106,1.0,0.5,0.5,50.0,12.0
1.014014,1.0,0.5,0.5,50.0,12.0
1.0175176,1.0,0.5,0.5,50.0,12.0
1.021021,1.0,0.5,0.5,50.0,12.0
1.0245246,1.0,0.5,0.5,50.0,12.0
1.028028,1.0,0.5,0.5,50.0,12.0
1.0315316,1.0,0.5,0.5,50.0,12.0
1.035035,1.0,0.5,0.5,50.0,12.0
1.0385386,1.0,0.5,0.5,50.0,12.0
1.042042,1.0,0.5,0.5,50.0,12.0
1.0455456,1.0,0.5,0.5,50.0,12.0
1.049049,1.0,0.5,0.5,50.0,12.0
1.0525526,1.0,0.5,0.5,50.0,12.0
1.056056,1.0,0.5,0.5,50.0,12.0
1.0595596,1.0,0.5,0.5,50.0,12.0
1.063063,1.0,0.5,0.5,50.0,12.0
1.0665666,1.0,0.5,0.5,50.0,12.0
1.07007,1.0,0.5,0.5,50.0,12.0
1.0735736,1.0,0.5,0.5,50.0,12.0
1.077077,1.0,0.5,0.5,50.0,12.0
1.0805806,1.0,0.5,0.5,50.0,12.0
1.084084,1.0,0.5,0.5,50.0,12.0
1.0875876,1.0,0.5,0.5,50.0,12.0
1.091091,1.0,0.5,0.5,50.0,12.0
1.0945946,1.0,0.5,0.5,50.0,12.0
1.098098,1.0,0.5,0.5,50.0,12.0
1.1016016,1.0,0.5,0.5,50.0,12.0
1.1051052,1.0,0.5,0.5,50.0,12.0
1.1086086,1.0,0.5,0.5,50.0,12.0
1.1121122,1.0,0.5,0.5,50.0,12.0
1.1156156,1.0,0.5,0.5,50.0,12.0
1.1191192,1.0,0.5,0.5,50.0,12.0
1.1226226,1.0,0.5,0.5,50.0,12.0
1.1261262,1.0,0.5,0.5,50.0,12.0
1.1296296,1.0,0.5,0.5,50.0,12.0
1.1331332,1.0,0.5,0.5,50.0,12.0
1.1366366,1.0,0.5,0.5,50.0,21.5
1.1401402,1.0,0.5,0.5,50.0,21.5
1.1436436,1.0,0.5,0.5,50.0,21.5
1.1471472,1.0,0.5,0.5,50.0,21.5
1.1506506,1.0,0.5,0.5,50.0,21.5
1.1541542,1.0,0.5,0.5,50.0,21.5
1.1576576,1.0,0.5,0.5,50.0,21.5
1.1611612,1.0,0.5,0.5,50.0,21.5
1.1646646,1.0,0.5,0.5,50.0,21.5
1.1681682,1.0,0.5,0.5,50.0,21.5
1.1716716,1.0,0.5,0.5,50.0,21.5
1.1751752,1.0,0.5,0.5,50.0,21.5
1.1786786,1.0,0.5,0.5,50.0,21.5
1.1821822,1.0,0.5,0.5,50.0,21.5
1.1856856,1.0,0.5,0.5,50.0,21.5
1.1891892,1.0,0.5,0.5,50.0,21.5
1.1926926,1.0,0.5,0.5,50.0,21.5
1.1961962,1.0,0.5,0.5,50.0,21.5
1.1996996,1.0,0.5,0.5,50.0,21.5
1.2032032,1.0,0.5,0.5,50.0,21.5
1.2067068,1.0,0.5,0.5,50.0,21.5
1.2102102,1.0,0.5,0.5,50.0,21.5
1.2137138,1.0,0.5,0.5,50.0,21.5
1.2172172,1.0,0.5,0.5,50.0,21.5
1.2207208,1.0,0.5,0.5,50.0,21.5
1.2242242,1.0,0.5,0.5,50.0,21.5
1.2277278,1.0,0.5,0.5,50.0,21.5
1.2312312,1.0,0.5,0.5,50.0,21.5
1.2347348,1.0,0.5,0.5,50.0,21.5
1.2382382,1.0,0.5,0.5,50.0,21.5
1.2417418,1.0,0.5,0.5,50.0,21.5
1.2452452,1.0,0.5,0.5,50.0,21.5
1.2487488,1.0,0.5,0.5,50.0,21.5
1.2522522,1.0,0.5,0.5,50.0,21.5
1.2557558,1.0,0.5,0.5,50.0,21.5
1.2592592,1.0,0.5,0.5,50.0,21.5
1.2627628,1.0,0.5,0.5,50.0,21.5
1.2662662,1.0,0.5,0.5,50.0,21.5
1.2697698,1.0,0.5,0.5,50.0,21.5
1.2732732,1.0,0.5,0.5,50.0,21.5
1.2767768,1.0,0.5,0.5,50.0,21.5
1.2802802,1.0,0.5,0.5,50.0,21.5
1.2837838,1.0,0.5,0.5,50.0,21.5
1.2872872,1.0,0.5,0.5,50.0,21.5
1.2907908,1.0,0.5,0.5,50.0,21.5
1.2942942,1.0,0.5,0.5,50.0,21.5
1.2977978,1.0,0.5,0.5,50.0,21.5
1.3013014,1.0,0.5,0.5,50.0,21.5
1.3048048,1.0,0.5,0.5,50.0,21.5
1.3083084,1.0,0.5,0.5,50.0,21.5
1.3118118,1.0,0.5,0.5,50.0,21.5
1.3153154,1.0,0.5,0.5,50.0,21.5
1.3188188,1.0,0.5,0.5,50.0,21.5
1.3223224,1.0,0.5,0.5,50.0,21.5
1.3258258,1.0,0.5,0.5,50.0,21.5
1.3293294,1.0,0.5,0.5,50.0,21.5
1.3328328,1.0,0.5,0.5,50.0,21.5
1.3363364,1.0,0.5,0.5,50.0,21.5
1.3398398,1.0,0.5,0.5,50.0,21.5
1.3433434,1.0,0.5,0.5,50.0,21.5
1.3468468,1.0,0.5,0.5,50.0,21.5
1.3503504,1.0,0.5,0.5,50.0,21.5
1.3538538,1.0,0.5,0.5,50.0,21.5
1.3573574,1.0,0.5,0.5,50.0,21.5
1.3608608,1.0,0.5,0.5,50.0,21.5
1.3643644,1.0,0.5,0.5,50.0,21.5
1.3678678,1.0,0.5,0.5,50.0,21.5
1.3713714,1.0,0.5,0.5,50.0,21.5
1.3748748,1.0,0.5,0.5,50.0,21.5
1.3783784,1.0,0.5,0.5,50.0,21.5
1.3818818,1.0,0.5,0.5,50.0,21.5
1.3853854,1.0,0.5,0.5,50.0,21.5
1.3888888,1.0,0.5,0.5,50.0,21.5
1.3923924,1.0,0.5,0.5,50.0,21.5
1.3958958,1.0,0.5,0.5,50.0,21.5
1.3993994,1.0,0.5,0.5,50.0,21.5
1.402903,1.0,0.5,0.5,50.0,21.5
1.4064064,1.0,0.5,0.5,50.0,21.5
1.40991,1.0,0.5,0.5,50.0,21.5
1.4134134,1.0,0.5,0.5,50.0,21.5
1.416917,1.0,0.5,0.5,50.0,21.5
1.4204204,1.0,0.5,0.5,50.0,21.5
1.423924,1.0,0.5,0.5,50.0,21.5
1.4274274,1.0,0.5,0.5,50.0,21.5
1.430931,1.0,0.5,0.5,50.0,21.5
1.4344344,1.0,0.5,0.5,50.0,21.5
1.437938,1.0,0.5,0.5,50.0,21.5
1.4414414,1.0,0.5,0.5,50.0,21.5
1.444945,1.0,0.5,0.5,50.0,21.5
1.4484484,1.0,0.5,0.5,50.0,21.5
1.451952,1.0,0.5,0.5,50.0,21.5
1.4554554,1.0,0.5,0.5,50.0,21.5
1.458959,1.0,0.5,0.5,50.0,17.5
1.4624624,1.0,0.5,0.5,50.0,17.5
1.465966,1.0,0.5,0.5,50.0,17.5
1.4694694,1.0,0.5,0.5,50.0,17.5
1.472973,1.0,0.5,0.5,50.0,17.5
1.4764764,1.0,0.5,0.5,50.0,17.5
1.47998,1.0,0.5,0.5,50.0,17.5
1.4834834,1.0,0.5,0.5,50.0,17.5
1.486987,1.0,0.5,0.5,50.0,17.5
1.4904904,1.0,0.5,0.5,50.0,17.5
1.493994,1.0,0.5,0.5,50.0,17.5
1.4974974,1.0,0.5,0.5,50.0,17.5
1.501001,1.0,0.5,0.5,50.0,17.5
1.5045046,1.0,0.5,0.5,50.0,17.5
1.508008,1.0,0.5,0.5,50.0,17.5
1.5115116,1.0,0.5,0.5,50.0,17.5
1.515015,1.0,0.5,0.5,50.0,17.5
1.5185186,1.0,0.5,0.5,50.0,17.5
1.522022,1.0,0.5,0.5,50.0,17.5
1.5255256,1.0,0.5,0.5,50.0,17.5
1.529029,1.0,0.5,0.5,50.0,17.5
1.5325326,1.0,0.5,0.5,50.0,17.5
1.536036,1.0,0.5,0.5,50.0,17.5
1.5395396,1.0,0.5,0.5,50.0,17.5
1.543043,1.0,0.5,0.5,50.0,17.5
1.5465466,1.0,0.5,0.5,50.0,17.5
1.55005,1.0,0.5,0.5,50.0,17.5
1.5535536,1.0,0.5,0.5,50.0,17.5
1.557057,1.0,0.5,0.5,50.0,17.5
1.5605606,1.0,0.5,0.5,50.0,17.5
1.564064,1.0,0.5,0.5,50.0,17.5
1.5675676,1.0,0.5,0.5,50.0,17.5
1.571071,1.0,0.5,0.5,50.0,17.5
1.5745746,1.0,0.5,0.5,50.0,17.5
1.578078,1.0,0.5,0.5,50.0,17.5
1.5815816,1.0,0.5,0.5,50.0,17.5
1.585085,1.0,0.5,0.5,50.0,17.5
1.5885886,1.0,0.5,0.5,50.0,17.5
1.592092,1.0,0.5,0.5,50.0,17.5
1.5955956,1.0,0.5,0.5,50.0,17.5
1.599099,1.0,0.5,0.5,50.0,17.5
1.6026026,1.0,0.5,0.5,50.0,17.5
1.6061062,1.0,0.5,0.5,50.0,17.5
1.6096096,1.0,0.5,0.5,50.0,17.5
1.6131132,1.0,0.5,0.5,50.0,17.5
1.6166166,1.0,0.5,0.5,50.0,17.5
1.6201202,1.0,0.5,0.5,50.0,17.5
1.6236236,1.0,0.5,0.5,50.0,17.5
1.6271272,1.0,0.5,0.5,50.0,17.5
1.6306306,1.0,0.5,0.5,50.0,17.5
1.6341342,1.0,0.5,0.5,50.0,17.5
1.6376376,1.0,0.5,0.5,50.0,17.5
1.6411412,1.0,0.5,0.5,50.0,17.5
1.6446446,1.0,0.5,0.5,50.0,17.5
1.6481482,1.0,0.5,0.5,50.0,17.5
1.6516516,1.0,0.5,0.5,50.0,17.5
1.6551552,1.0,0.5,0.5,50.0,17.5
1.6586586,1.0,0.5,0.5,50.0,17.5
1.6621622,1.0,0.5,0.5,50.0,17.5
1.6656656,1.0,0.5,0.5,50.0,17.5
1.6691692,1.0,0.5,0.5,50.0,17.5
1.6726726,1.0,0.5,0.5,50.0,17.5
1.6761762,1.0,0.5,0.5,50.0,17.5
1.6796796,1.0,0.5,0.5,50.0,17.5
1.6831832,1.0,0.5,0.5,50.0,17.5
1.6866866,1.0,0.5,0.5,50.0,17.5
1.6901902,1.0,0.5,0.5,50.0,17.5
1.6936936,1.0,0.5,0.5,50.0,17.5
1.6971972,1.0,0.5,0.5,50.0,17.5
1.7007008,1.0,0.5,0.5,50.0,17.5
1.7042042,1.0,0.5,0.5,50.0,17.5
1.7077078,1.0,0.5,0.5,50.0,17.5
1.7112112,1.0,0.5,0.5,50.0,17.5
1.7147148,1.0,0.5,0.5,50.0,17.5
1.7182182,1.0,0.5,0.5,50.0,17.5
1.7217218,1.0,0.5,0.5,50.0,17.5
1.7252252,1.0,0.5,0.5,50.0,17.5
1.7287288,1.0,0.5,0.5,50.0,17.5
1.7322322,1.0,0.5,0.5,50.0,17.5
1.7357358,1.0,0.5,0.5,50.0,12.0
1.7392392,1.0,0.5,0.5,50.0,12.0
1.7427428,1.0,0.5,0.5,50.0,12.0
1.7462462,1.0,0.5,0.5,50.0,12.0
1.7497498,1.0,0.5,0.5,50.0,12.0
1.7532532,1.0,0.5,0.5,50.0,12.0
1.7567568,1.0,0.5,0.5,50.0,12.0
1.7602602,1.0,0.5,0.5,50.0,12.0
1.7637638,1.0,0.5,0.5,50.0,12.0
1.7672672,1.0,0.5,0.5,50.0,12.0
1.7707708,1.0,0.5,0.5,50.0,12.0
1.7742742,1.0,0.5,0.5,50.0,12.0
1.7777778,1.0,0.5,0.5,50.0,12.0
1.7812812,1.0,0.5,0.5,50.0,12.0
1.7847848,1.0,0.5,0.5,50.0,12.0
1.7882882,1.0,0.5,0.5,50.0,12.0
1.7917918,1.0,0.5,0.5,50.0,12.0
1.7952952,1.0,0.5,0.5,50.0,12.0
1.7987988,1.0,0.5,0.5,50.0,12.0
1.8023024,1.0,0.5,0.5,50.0,12.0
1.8058058,1.0,0.5,0.5,50.0,12.0
1.8093094,1.0,0.5,0.5,50.0,12.0
1.8128128,1.0,0.5,0.5,50.0,12.0
1.8163164,1.0,0.5,0.5,50.0,12.0
1.8198198,1.0,0.5,0.5,50.0,12.0
1.8233234,1.0,0.5,0.5,50.0,12.0
1.8268268,1.0,0.5,0.5,50.0,12.0
1.8303304,1.0,0.5,0.5,50.0,12.0
1.8338338,1.0,0.5,0.5,50.0,12.0
1.8373374,1.0,0.5,0.5,50.0,12.0
1.8408408,1.0,0.5,0.5,50.0,12.0
1.8443444,1.0,0.5,0.5,50.0,12.0
1.8478478,1.0,0.5,0.5,50.0,12.0
1.8513514,1.0,0.5,0.5,50.0,12.0
1.8548548,1.0,0.5,0.5,50.0,12.0
1.8583584,1.0,0.5,0.5,50.0,12.0
1.8618618,1.0,0.5,0.5,50.0,12.0
1.8653654,1.0,0.5,0.5,50.0,12.0
1.8688688,1.0,0.5,0.5,50.0,12.0
1.8723724,1.0,0.5,0.5,50.0,12.0
1.8758758,1.0,0.5,0.5,50.0,12.0
1.8793794,1.0,0.5,0.5,50.0,12.0
1.8828828,1.0,0.5,0.5,50.0,12.0
1.8863864,1.0,0.5,0.5,50.0,12.0
1.8898898,1.0,0.5,0.5,50.0,12.0
1.8933934,1.0,0.5,0.5,50.0,12.0
1.8968968,1.0,0.5,0.5,50.0,12.0
1.9004004,1.0,0.5,0.5,50.0,12.0
1.903904,1.0,0.5,0.5,50.0,12.0
1.9074074,1.0,0.5,0.5,50.0,12.0
1.910911,1.0,0.5,0.5,50.0,12.0
1.9144144,1.0,0.5,0.5,50.0,12.0
1.917918,1.0,0.5,0.5,50.0,12.0
1.9214214,1.0,0.5,0.5,50.0,12.0
1.924925,1.0,0.5,0.5,50.0,12.0
1.9284284,1.0,0.5,0.5,50.0,12.0
1.931932,1.0,0.5,0.5,50.0,12.0
1.9354354,1.0,0.5,0.5,50.0,12.0
1.938939,1.0,0.5,0.5,50.0,12.0
1.9424424,1.0,0.5,0.5,50.0,12.0
1.945946,1.0,0.5,0.5,50.0,12.0
1.9494494,1.0,0.5,0.5,50.0,12.0
1.952953,1.0,0.5,0.5,50.0,12.0
1.9564564,1.0,0.5,0.5,50.0,12.0
1.95996,1.0,0.5,0.5,50.0,12.0
1.9634634,1.0,0.5,0.5,50.0,12.0
1.966967,1.0,0.5,0.5,50.0,12.0
1.9704704,1.0,0.5,0.5,50.0,12.0
1.973974,1.0,0.5,0.5,50.0,12.0
1.9774774,1.0,0.5,0.5,50.0,12.0
1.980981,1.0,0.5,0.5,50.0,12.0
1.9844844,1.0,0.5,0.5,50.0,12.0
1.987988,1.0,0.5,0.5,50.0,12.0
1.9914914,1.0,0.5,0.5,50.0,12.0
1.994995,1.0,0.5,0.5,50.0,12.0
1.9984984,1.0,0.5,0.5,50.0,12.0
2.002002,1.0,0.5,0.5,50.0,12.0
2.0055056,1.0,0.5,0.5,50.0,12.0
2.0090091,1.0,0.5,0.5,50.0,12.0
2.0125124,1.0,0.5,0.5,50.0,12.0
2.016016,1.0,0.5,0.5,50.0,12.0
2.0195196,1.0,0.5,0.5,50.0,12.0
2.0230231,1.0,0.5,0.5,50.0,12.0
2.0265265,1.0,0.5,0.5,50.0,12.0
2.03003,1.0,0.5,0.5,50.0,12.0
2.0335336,1.0,0.5,0.5,50.0,12.0
2.0370371,1.0,0.5,0.5,50.0,12.0
2.0405405,1.0,0.5,0.5,50.0,12.0
2.044044,1.0,0.5,0.5,50.0,12.0
2.0475476,1.0,0.5,0.5,50.0,12.0
2.0510511,1.0,0.5,0.5,50.0,12.0
2.0545545,1.0,0.5,0.5,50.0,12.0
2.058058,1.0,0.5,0.5,50.0,12.0
2.0615616,1.0,0.5,0.5,50.0,12.0
2.0650651,1.0,0.5,0.5,50.0,12.0
2.0685685,1.0,0.5,0.5,50.0,12.0
2.072072,1.0,0.5,0.5,50.0,12.0
2.0755756,1.0,0.5,0.5,50.0,12.0
2.0790792,1.0,0.5,0.5,50.0,12.0
2.0825825,1.0,0.5,0.5,50.0,12.0
2.086086,1.0,0.5,0.5,50.0,12.0
2.0895896,1.0,0.5,0.5,50.0,12.0
2.0930932,1.0,0.5,0.5,50.0,12.0
2.0965965,1.0,0.5,0.5,50.0,12.0
2.1001,1.0,0.5,0.5,50.0,12.0
2.1036036,1.0,0.5,0.5,50.0,12.0
2.1071072,1.0,0.5,0.5,50.0,12.0
2.1106107,1.0,0.5,0.5,50.0,12.0
2.114114,1.0,0.5,0.5,50.0,12.0
2.1176176,1.0,0.5,0.5,50.0,12.0
2.1211212,1.0,0.5,0.5,50.0,12.0
2.1246247,1.0,0.5,0.5,50.0,12.0
2.128128,1.0,0.5,0.5,50.0,12.0
2.1316316,1.0,0.5,0.5,50.0,9.0
2.1351352,1.0,0.5,0.5,50.0,9.0
2.1386387,1.0,0.5,0.5,50.0,9.0
2.142142,1.0,0.5,0.5,50.0,9.0
2.1456456,1.0,0.5,0.5,50.0,9.0
2.1491492,1.0,0.5,0.5,50.0,9.0
2.1526527,1.0,0.5,0.5,50.0,9.0
2.156156,1.0,0.5,0.5,50.0,9.0
2.1596596,1.0,0.5,0.5,50.0,9.0
2.1631632,1.0,0.5,0.5,50.0,9.0
2.1666667,1.0,0.5,0.5,50.0,9.0
2.17017,1.0,0.5,0.5,50.0,9.0
2.1736736,1.0,0.5,0.5,50.0,9.0
2.1771772,1.0,0.5,0.5,50.0,9.0
2.1806808,1.0,0.5,0.5,50.0,9.0
2.184184,1.0,0.5,0.5,50.0,9.0
2.1876876,1.0,0.5,0.5,50.0,9.0
2.1911912,1.0,0.5,0.5,50.0,9.0
2.1946948,1.0,0.5,0.5,50.0,9.0
2.198198,1.0,0.5,0.5,50.0,9.0
2.2017016,1.0,0.5,0.5,50.0,9.0
2.2052052,1.0,0.5,0.5,50.0,9.0
2.2087088,1.0,0.5,0.5,50.0,9.0
2.2122123,1.0,0.5,0.5,50.0,9.0
2.2157156,1.0,0.5,0.5,50.0,9.0
2.2192192,1.0,0.5,0.5,50.0,9.0
2.2227228,1.0,0.5,0.5,50.0,9.0
2.2262263,1.0,0.5,0.5,50.0,9.0
2.2297297,1.0,0.5,0.5,50.0,9.0
2.2332332,1.0,0.5,0.5,50.0,9.0
2.2367368,1.0,0.5,0.5,50.0,9.0
2.2402403,1.0,0.5,0.5,50.0,9.0
2.2437437,1.0,0.5,0.5,50.0,9.0
2.2472472,1.0,0.5,0.5,50.0,9.0
2.2507508,1.0,0.5,0.5,50.0,9.0
2.2542543,1.0,0.5,0.5,50.0,9.0
2.2577577,1.0,0.5,0.5,50.0,9.0
2.2612612,1.0,0.5,0.5,50.0,9.0
2.2647648,1.0,0.5,0.5,50.0,9.0
2.2682683,1.0,0.5,0.5,50.0,9.0
2.2717717,1.0,0.5,0.5,50.0,9.0
2.2752752,1.0,0.5,0.5,50.0,9.0
2.2787788,1.0,0.5,0.5,50.0,9.0
2.2822824,1.0,0.5,0.5,50.0,9.0
2.2857857,1.0,0.5,0.5,50.0,9.0
2.2892892,1.0,0.5,0.5,50.0,9.0
2.2927928,1.0,0.5,0.5,50.0,9.0
2.2962964,1.0,0.5,0.5,50.0,9.0
2.2997997,1.0,0.5,0.5,50.0,9.0
2.3033032,1.0,0.5,0.5,50.0,9.0
2.3068068,1.0,0.5,0.5,50.0,9.0
2.3103104,1.0,0.5,0.5,50.0,9.0
2.313814,1.0,0.5,0.5,50.0,9.0
2.3173172,1.0,0.5,0.5,50.0,9.0
2.3208208,1.0,0.5,0.5,50.0,9.0
2.3243244,1.0,0.5,0.5,50.0,9.0
2.327828,1.0,0.5,0.5,50.0,9.0
2.3313313,1.0,0.5,0.5,50.0,9.0
2.3348348,1.0,0.5,0.5,50.0,9.0
2.3383384,1.0,0.5,0.5,50.0,9.0
2.341842,1.0,0.5,0.5,50.0,9.0
2.3453453,1.0,0.5,0.5,50.0,9.0
2.3488488,1.0,0.5,0.5,50.0,9.0
2.3523524,1.0,0.5,0.5,50.0,9.0
2.355856,1.0,0.5,0.5,50.0,9.0
2.3593593,1.0,0.5,0.5,50.0,9.0
2.3628628,1.0,0.5,0.5,50.0,9.0
2.3663664,1.0,0.5,0.5,50.0,9.0
2.36987,1.0,0.5,0.5,50.0,9.0
2.3733733,1.0,0.5,0.5,50.0,9.0
2.3768768,1.0,0.5,0.5,50.0,9.0
2.3803804,1.0,0.5,0.5,50.0,9.0
2.383884,1.0,0.5,0.5,50.0,9.0
2.3873873,1.0,0.5,0.5,50.0,9.0
2.3908908,1.0,0.5,0.5,50.0,9.0
2.3943944,1.0,0.5,0.5,50.0,9.0
2.397898,1.0,0.5,0.5,50.0,9.0
2.4014015,1.0,0.5,0.5,50.0,9.0
2.4049048,1.0,0.5,0.5,50.0,9.0
2.4084084,1.0,0.5,0.5,50.0,9.0
2.411912,1.0,0.5,0.5,50.0,9.0
2.4154155,1.0,0.5,0.5,50.0,9.0
2.4189188,1.0,0.5,0.5,50.0,9.0
2.4224224,1.0,0.5,0.5,50.0,9.0
2.425926,1.0,0.5,0.5,50.0,9.0
2.4294295,1.0,0.5,0.5,50.0,9.0
2.4329329,1.0,0.5,0.5,50.0,9.0
2.4364364,1.0,0.5,0.5,50.0,9.0
2.43994,1.0,0.5,0.5,50.0,9.0
2.4434435,1.0,0.5,0.5,50.0,9.0
2.4469469,1.0,0.5,0.5,50.0,9.0
2.4504504,1.0,0.5,0.5,50.0,9.0
2.453954,1.0,0.5,0.5,50.0,9.0
2.4574575,1.0,0.5,0.5,50.0,9.0
2.4609609,1.0,0.5,0.5,50.0,9.0
2.4644644,1.0,0.5,0.5,50.0,9.0
2.467968,1.0,0.5,0.5,50.0,9.0
2.4714715,1.0,0.5,0.5,50.0,9.0
2.4749749,1.0,0.5,0.5,50.0,9.0
2.4784784,1.0,0.5,0.5,50.0,9.0
2.481982,1.0,0.5,0.5,50.0,9.0
2.4854856,1.0,0.5,0.5,50.0,9.0
2.4889889,1.0,0.5,0.5,50.0,9.0
2.4924924,1.0,0.5,0.5,50.0,9.0
2.495996,1.0,0.5,0.5,50.0,9.0
2.4994996,1.0,0.5,0.5,50.0,9.0
2.5030031,1.0,0.5,0.5,50.0,9.0
2.5065064,1.0,0.5,0.5,50.0,9.0
2.51001,1.0,0.5,0.5,50.0,9.0
2.5135136,1.0,0.5,0.5,50.0,9.0
2.5170171,1.0,0.5,0.5,50.0,9.0
2.5205204,1.0,0.5,0.5,50.0,9.0
2.524024,1.0,0.5,0.5,50.0,9.0
2.5275276,1.0,0.5,0.5,50.0,9.0
2.5310311,1.0,0.5,0.5,50.0,9.0
2.5345345,1.0,0.5,0.5,50.0,9.0
2.538038,1.0,0.5,0.5,50.0,9.0
2.5415416,1.0,0.5,0.5,50.0,9.0
2.5450451,1.0,0.5,0.5,50.0,9.0
2.5485485,1.0,0.5,0.5,50.0,9.0
2.552052,1.0,0.5,0.5,50.0,9.0
2.5555556,1.0,0.5,0.5,50.0,9.0
2.5590591,1.0,0.5,0.5,50.0,9.0
2.5625625,1.0,0.5,0.5,50.0,9.0
2.566066,1.0,0.5,0.5,50.0,9.0
2.5695696,1.0,0.5,0.5,50.0,9.0
2.5730731,1.0,0.5,0.5,50.0,9.0
2.5765765,1.0,0.5,0.5,50.0,9.0
2.58008,1.0,0.5,0.5,50.0,9.0
2.5835836,1.0,0.5,0.5,50.0,9.0
2.5870872,1.0,0.5,0.5,50.0,9.0
2.5905905,1.0,0.5,0.5,50.0,9.0
2.594094,1.0,0.5,0.5,50.0,9.0
2.5975976,1.0,0.5,0.5,50.0,9.0
2.6011012,1.0,0.5,0.5,50.0,9.0
2.6046047,1.0,0.5,0.5,50.0,9.0
2.608108,1.0,0.5,0.5,50.0,9.0
2.6116116,1.0,0.5,0.5,50.0,9.0
2.6151152,1.0,0.5,0.5,50.0,9.0
2.6186187,1.0,0.5,0.5,50.0,9.0
2.622122,1.0,0.5,0.5,50.0,9.0
2.6256256,1.0,0.5,0.5,50.0,9.0
2.6291292,1.0,0.5,0.5,50.0,9.0
2.6326327,1.0,0.5,0.5,50.0,9.0
2.636136,1.0,0.5,0.5,50.0,9.0
2.6396396,1.0,0.5,0.5,50.0,9.0
2.6431432,1.0,0.5,0.5,50.0,9.0
2.6466467,1.0,0.5,0.5,50.0,9.0
2.65015,1.0,0.5,0.5,50.0,9.0
2.6536536,1.0,0.5,0.5,50.0,9.0
2.6571572,1.0,0.5,0.5,50.0,9.0
2.6606607,1.0,0.5,0.5,50.0,9.0
2.664164,1.0,0.5,0.5,50.0,9.0
2.6676676,1.0,0.5,0.5,50.0,9.0
2.6711712,1.0,0.5,0.5,50.0,9.0
2.6746747,1.0,0.5,0.5,50.0,9.0
2.678178,1.0,0.5,0.5,50.0,9.0
2.6816816,1.0,0.5,0.5,50.0,9.0
2.6851852,1.0,0.5,0.5,50.0,9.0
2.6886888,1.0,0.5,0.5,50.0,9.0
2.692192,1.0,0.5,0.5,50.0,9.0
2.6956956,1.0,0.5,0.5,50.0,9.0
2.6991992,1.0,0.5,0.5,50.0,9.0
2.7027028,1.0,0.5,0.5,50.0,9.0
2.7062063,1.0,0.5,0.5,50.0,9.0
2.7097096,1.0,0.5,0.5,50.0,9.0
2.7132132,1.0,0.5,0.5,50.0,9.0
2.7167168,1.0,0.5,0.5,50.0,9.0
2.7202203,1.0,0.5,0.5,50.0,9.0
2.7237236,1.0,0.5,0.5,50.0,9.0
2.7272272,1.0,0.5,0.5,50.0,9.0
2.7307308,1.0,0.5,0.5,50.0,9.0
2.7342343,1.0,0.5,0.5,50.0,9.0
2.7377377,1.0,0.5,0.5,50.0,9.0
2.7412412,1.0,0.5,0.5,50.0,9.0
2.7447448,1.0,0.5,0.5,50.0,9.0
2.7482483,1.0,0.5,0.5,50.0,9.0
2.7517517,1.0,0.5,0.5,50.0,9.0
2.7552552,1.0,0.5,0.5,50.0,9.0
2.7587588,1.0,0.5,0.5,50.0,9.0
2.7622623,1.0,0.5,0.5,50.0,9.0
2.7657657,1.0,0.5,0.5,50.0,9.0
2.7692692,1.0,0.5,0.5,50.0,9.0
2.7727728,1.0,0.5,0.5,50.0,9.0
2.7762764,1.0,0.5,0.5,50.0,9.0
2.7797797,1.0,0.5,0.5,50.0,9.0
2.7832832,1.0,0.5,0.5,50.0,9.0
2.7867868,1.0,0.5,0.5,50.0,9.0
2.7902904,1.0,0.5,0.5,50.0,9.0
2.7937937,1.0,0.5,0.5,50.0,9.0
2.7972972,1.0,0.5,0.5,50.0,9.0
2.8008008,1.0,0.5,0.5,50.0,9.0
2.8043044,1.0,0.5,0.5,50.0,9.0
2.807808,1.0,0.5,0.5,50.0,9.0
2.8113112,1.0,0.5,0.5,50.0,9.0
2.8148148,1.0,0.5,0.5,50.0,9.0
2.8183184,1.0,0.5,0.5,50.0,9.0
2.821822,1.0,0.5,0.5,50.0,9.0
2.8253253,1.0,0.5,0.5,50.0,9.0
2.8288288,1.0,0.5,0.5,50.0,9.0
2.8323324,1.0,0.5,0.5,50.0,9.0
2.835836,1.0,0.5,0.5,50.0,9.0
2.8393393,1.0,0.5,0.5,50.0,9.0
2.8428428,1.0,0.5,0.5,50.0,9.0
2.8463464,1.0,0.5,0.5,50.0,9.0
2.84985,1.0,0.5,0.5,50.0,9.0
2.8533533,1.0,0.5,0.5,50.0,9.0
2.8568568,1.0,0.5,0.5,50.0,9.0
2.8603604,1.0,0.5,0.5,50.0,9.0
2.863864,1.0,0.5,0.5,50.0,9.0
2.8673673,1.0,0.5,0.5,50.0,9.0
2.8708708,1.0,0.5,0.5,50.0,9.0
2.8743744,1.0,0.5,0.5,50.0,9.0
2.877878,1.0,0.5,0.5,50.0,9.0
2.8813813,1.0,0.5,0.5,50.0,9.0
2.8848848,1.0,0.5,0.5,50.0,9.0
2.8883884,1.0,0.5,0.5,50.0,9.0
2.891892,1.0,0.5,0.5,50.0,9.0
2.8953953,1.0,0.5,0.5,50.0,9.0
2.8988988,1.0,0.5,0.5,50.0,9.0
2.9024024,1.0,0.5,0.5,50.0,9.0
2.905906,1.0,0.5,0.5,50.0,9.0
2.9094095,1.0,0.5,0.5,50.0,9.0
2.9129128,1.0,0.5,0.5,50.0,9.0
2.9164164,1.0,0.5,0.5,50.0,9.0
2.91992,1.0,0.5,0.5,50.0,9.0
2.9234235,1.0,0.5,0.5,50.0,9.0
2.9269269,1.0,0.5,0.5,50.0,9.0
2.9304304,1.0,0.5,0.5,50.0,9.0
2.933934,1.0,0.5,0.5,50.0,9.0
2.9374375,1.0,0.5,0.5,50.0,9.0
2.9409409,1.0,0.5,0.5,50.0,9.0
2.9444444,1.0,0.5,0.5,50.0,9.0
2.947948,1.0,0.5,0.5,50.0,9.0
2.9514515,1.0,0.5,0.5,50.0,9.0
2.9549549,1.0,0.5,0.5,50.0,9.0
2.9584584,1.0,0.5,0.5,50.0,9.0
2.961962,1.0,0.5,0.5,50.0,9.0
2.9654655,1.0,0.5,0.5,50.0,9.0
2.9689689,1.0,0.5,0.5,50.0,9.0
2.9724724,1.0,0.5,0.5,50.0,9.0
2.975976,1.0,0.5,0.5,50.0,9.0
2.9794796,1.0,0.5,0.5,50.0,9.0
2.9829829,1.0,0.5,0.5,50.0,9.0
2.9864864,1.0,0.5,0.5,50.0,9.0
2.98999,1.0,0.5,0.5,50.0,9.0
2.9934936,1.0,0.5,0.5,50.0,9.0
2.9969969,1.0,0.5,0.5,50.0,9.0
3.0005004,1.0,0.5,0.5,50.0,9.0
3.004004,1.0,0.5,0.5,50.0,9.0
3.0075076,1.0,0.5,0.5,50.0,9.0
3.0110111,1.0,0.5,0.5,50.0,9.0
3.0145144,1.0,0.5,0.5,50.0,9.0
3.018018,1.0,0.5,0.5,50.0,9.0
3.0215216,1.0,0.5,0.5,50.0,9.0
3.0250251,1.0,0.5,0.5,50.0,9.0
3.0285285,1.0,0.5,0.5,50.0,9.0
3.032032,1.0,0.5,0.5,50.0,9.0
3.0355356,1.0,0.5,0.5,50.0,9.0
3.0390391,1.0,0.5,0.5,50.0,9.0
3.0425425,1.0,0.5,0.5,50.0,9.0
3.046046,1.0,0.5,0.5,50.0,9.0
3.0495496,1.0,0.5,0.5,50.0,9.0
3.0530531,1.0,0.5,0.5,50.0,9.0
3.0565565,1.0,0.5,0.5,50.0,9.0
3.06006,1.0,0.5,0.5,50.0,9.0
3.0635636,1.0,0.5,0.5,50.0,9.0
3.0670671,1.0,0.5,0.5,50.0,9.0
3.0705705,1.0,0.5,0.5,50.0,9.0
3.074074,1.0,0.5,0.5,50.0,9.0
3.0775776,1.0,0.5,0.5,50.0,9.0
3.0810812,1.0,0.5,0.5,50.0,9.0
3.0845845,1.0,0.5,0.5,50.0,9.0
3.088088,1.0,0.5,0.5,50.0,9.0
3.0915916,1.0,0.5,0.5,50.0,9.0
3.0950952,1.0,0.5,0.5,50.0,9.0
3.0985985,1.0,0.5,0.5,50.0,9.0
3.102102,1.0,0.5,0.5,50.0,9.0
3.1056056,1.0,0.5,0.5,50.0,9.0
3.1091092,1.0,0.5,0.5,50.0,9.0
3.1126127,1.0,0.5,0.5,50.0,9.0
3.116116,1.0,0.5,0.5,50.0,9.0
3.1196196,1.0,0.5,0.5,50.0,9.0
3.1231232,1.0,0.5,0.5,50.0,9.0
3.1266267,1.0,0.5,0.5,50.0,9.0
3.13013,1.0,0.5,0.5,50.0,9.0
3.1336336,1.0,0.5,0.5,50.0,9.0
3.1371372,1.0,0.5,0.5,50.0,9.0
3.1406407,1.0,0.5,0.5,50.0,9.0
3.144144,1.0,0.5,0.5,50.0,9.0
3.1476476,1.0,0.5,0.5,50.0,9.0
3.1511512,1.0,0.5,0.5,50.0,9.0
3.1546547,1.0,0.5,0.5,50.0,9.0
3.158158,1.0,0.5,0.5,50.0,9.0
3.1616616,1.0,0.5,0.5,50.0,9.0
3.1651652,1.0,0.5,0.5,50.0,9.0
3.1686687,1.0,0.5,0.5,50.0,9.0
3.172172,1.0,0.5,0.5,50.0,9.0
3.1756756,1.0,0.5,0.5,50.0,9.0
3.1791792,1.0,0.5,0.5,50.0,9.0
3.1826828,1.0,0.5,0.5,50.0,9.0
3.186186,1.0,0.5,0.5,50.0,9.0
3.1896896,1.0,0.5,0.5,50.0,0.0
3.1931932,1.0,0.5,0.5,50.0,0.0
3.1966968,1.0,0.5,0.5,50.0,0.0
3.2002003,1.0,0.5,0.5,50.0,0.0
3.2037036,1.0,0.5,0.5,50.0,0.0
3.2072072,1.0,0.5,0.5,50.0,0.0
3.2107108,1.0,0.5,0.5,50.0,0.0
3.2142143,1.0,0.5,0.5,50.0,0.0
3.2177176,1.0,0.5,0.5,50.0,0.0
3.2212212,1.0,0.5,0.5,50.0,0.0
3.2247248,1.0,0.5,0.5,50.0,0.0
3.2282283,1.0,0.5,0.5,50.0,0.0
3.2317317,1.0,0.5,0.5,50.0,0.0
3.2352352,1.0,0.5,0.5,50.0,0.0
3.2387388,1.0,0.5,0.5,50.0,0.0
3.2422423,1.0,0.5,0.5,50.0,0.0
3.2457457,1.0,0.5,0.5,50.0,0.0
3.2492492,1.0,0.5,0.5,50.0,0.0
3.2527528,1.0,0.5,0.5,50.0,0.0
3.2562563,1.0,0.5,0.5,50.0,0.0
3.2597597,1.0,0.5,0.5,50.0,0.0
3.2632632,1.0,0.5,0.5,50.0,0.0
3.2667668,1.0,0.5,0.5,50.0,0.0
3.2702703,1.0,0.5,0.5,50.0,0.0
3.2737737,1.0,0.5,0.5,50.0,0.0
3.2772772,1.0,0.5,0.5,50.0,0.0
3.2807808,1.0,0.5,0.5,50.0,0.0
3.2842844,1.0,0.5,0.5,50.0,0.0
3.2877877,1.0,0.5,0.5,50.0,0.0
3.2912912,1.0,0.5,0.5,50.0,0.0
3.2947948,1.0,0.5,0.5,50.0,0.0
3.2982984,1.0,0.5,0.5,50.0,0.0
3.301802,1.0,0.5,0.5,50.0,0.0
3.3053052,1.0,0.5,0.5,50.0,0.0
3.3088088,1.0,0.5,0.5,50.0,0.0
3.3123124,1.0,0.5,0.5,50.0,0.0
3.315816,1.0,0.5,0.5,50.0,0.0
3.3193192,1.0,0.5,0.5,50.0,0.0
3.3228228,1.0,0.5,0.5,50.0,0.0
3.3263264,1.0,0.5,0.5,50.0,0.0
3.32983,1.0,0.5,0.5,50.0,0.0
3.3333333,1.0,0.5,0.5,50.0,0.0
3.3368368,1.0,0.5,0.5,50.0,0.0
3.3403404,1.0,0.5,0.5,50.0,0.0
3.343844,1.0,0.5,0.5,50.0,0.0
3.3473473,1.0,0.5,0.5,50.0,0.0
3.3508508,1.0,0.5,0.5,50.0,0.0
3.3543544,1.0,0.5,0.5,50.0,0.0
3.357858,1.0,0.5,0.5,50.0,0.0
3.3613613,1.0,0.5,0.5,50.0,0.0
3.3648648,1.0,0.5,0.5,50.0,0.0
3.3683684,1.0,0.5,0.5,50.0,0.0
3.371872,1.0,0.5,0.5,50.0,0.0
3.3753753,1.0,0.5,0.5,50.0,0.0
3.3788788,1.0,0.5,0.5,50.0,0.0
3.3823824,1.0,0.5,0.5,50.0,0.0
3.385886,1.0,0.5,0.5,50.0,0.0
3.3893893,1.0,0.5,0.5,50.0,0.0
3.3928928,1.0,0.5,0.5,50.0,0.0
3.3963964,1.0,0.5,0.5,50.0,0.0
3.3999,1.0,0.5,0.5,50.0,0.0
3.4034035,1.0,0.5,0.5,50.0,0.0
3.4069068,1.0,0.5,0.5,50.0,0.0
3.4104104,1.0,0.5,0.5,50.0,0.0
3.413914,1.0,0.5,0.5,50.0,0.0
3.4174175,1.0,0.5,0.5,50.0,0.0
3.4209208,1.0,0.5,0.5,50.0,0.0
3.4244244,1.0,0.5,0.5,50.0,0.0
3.427928,1.0,0.5,0.5,50.0,0.0
3.4314315,1.0,0.5,0.5,50.0,0.0
3.4349349,1.0,0.5,0.5,50.0,0.0
3.4384384,1.0,0.5,0.5,50.0,0.0
3.441942,1.0,0.5,0.5,50.0,0.0
3.4454455,1.0,0.5,0.5,50.0,0.0
3.4489489,1.0,0.5,0.5,50.0,0.0
3.4524524,1.0,0.5,0.5,50.0,0.0
3.455956,1.0,0.5,0.5,50.0,0.0
3.4594595,1.0,0.5,0.5,50.0,0.0
3.4629629,1.0,0.5,0.5,50.0,0.0
3.4664664,1.0,0.5,0.5,50.0,0.0
3.46997,1.0,0.5,0.5,50.0,0.0
3.4734735,1.0,0.5,0.5,50.0,0.0
3.4769769,1.0,0.5,0.5,50.0,0.0
3.4804804,1.0,0.5,0.5,50.0,0.0
3.483984,1.0,0.5,0.5,50.0,0.0
3.4874876,1.0,0.5,0.5,50.0,0.0
3.4909909,1.0,0.5,0.5,50.0,0.0
3.4944944,1.0,0.5,0.5,50.0,0.0
3.497998,1.0,0.5,0.5,50.0,0.0
3.5015016,1.0,0.5,0.5,50.0,0.0
3.5050051,1.0,0.5,0.5,50.0,0.0
3.5085084,1.0,0.5,0.5,50.0,0.0
3.512012,1.0,0.5,0.5,50.0,0.0
3.5155156,1.0,0.5,0.5,50.0,0.0
3.5190191,1.0,0.5,0.5,50.0,0.0
3.5225224,1.0,0.5,0.5,50.0,0.0
3.526026,1.0,0.5,0.5,50.0,0.0
3.5295296,1.0,0.5,0.5,50.0,0.0
3.5330331,1.0,0.5,0.5,50.0,0.0
3.5365365,1.0,0.5,0.5,50.0,0.0
3.54004,1.0,0.5,0.5,50.0,0.0
3.5435436,1.0,0.5,0.5,50.0,0.0
3.5470471,1.0,0.5,0.5,50.0,0.0
3.5505505,1.0,0.5,0.5,50.0,0.0
3.554054,1.0,0.5,0.5,50.0,0.0
3.5575576,1.0,0.5,0.5,50.0,0.0
3.5610611,1.0,0.5,0.5,50.0,0.0
3.5645645,1.0,0.5,0.5,50.0,0.0
3.568068,1.0,0.5,0.5,50.0,0.0
3.5715716,1.0,0.5,0.5,50.0,0.0
3.5750751,1.0,0.5,0.5,50.0,0.0
3.5785785,1.0,0.5,0.5,50.0,0.0
3.582082,1.0,0.5,0.5,50.0,0.0
3.5855856,1.0,0.5,0.5,50.0,0.0
3.5890892,1.0,0.5,0.5,50.0,0.0
3.5925925,1.0,0.5,0.5,50.0,0.0
3.596096,1.0,0.5,0.5,50.0,0.0
3.5995996,1.0,0.5,0.5,50.0,0.0
3.6031032,1.0,0.5,0.5,50.0,0.0
3.6066067,1.0,0.5,0.5,50.0,0.0
3.61011,1.0,0.5,0.5,50.0,0.0
3.6136136,1.0,0.5,0.5,50.0,0.0
3.6171172,1.0,0.5,0.5,50.0,0.0
3.6206207,1.0,0.5,0.5,50.0,0.0
3.624124,1.0,0.5,0.5,50.0,0.0
3.6276276,1.0,0.5,0.5,50.0,0.0
3.6311312,1.0,0.5,0.5,50.0,0.0
3.6346347,1.0,0.5,0.5,50.0,0.0
3.638138,1.0,0.5,0.5,50.0,0.0
3.6416416,1.0,0.5,0.5,50.0,0.0
3.6451452,1.0,0.5,0.5,50.0,0.0
3.6486487,1.0,0.5,0.5,50.0,0.0
3.652152,1.0,0.5,0.5,50.0,0.0
3.6556556,1.0,0.5,0.5,50.0,0.0
3.6591592,1.0,0.5,0.5,50.0,0.0
3.6626627,1.0,0.5,0.5,50.0,0.0
3.666166,1.0,0.5,0.5,50.0,0.0
3.6696696,1.0,0.5,0.5,50.0,0.0
3.6731732,1.0,0.5,0.5,50.0,0.0
3.6766768,1.0,0.5,0.5,50.0,0.0
3.68018,1.0,0.5,0.5,50.0,0.0
3.6836836,1.0,0.5,0.5,50.0,0.0
3.6871872,1.0,0.5,0.5,50.0,0.0
3.6906908,1.0,0.5,0.5,50.0,0.0
3.694194,1.0,0.5,0.5,50.0,0.0
3.6976976,1.0,0.5,0.5,50.0,0.0
3.7012012,1.0,0.5,0.5,50.0,0.0
3.7047048,1.0,0.5,0.5,50.0,0.0
3.7082083,1.0,0.5,0.5,50.0,0.0
3.7117116,1.0,0.5,0.5,50.0,0.0
3.7152152,1.0,0.5,0.5,50.0,0.0
3.7187188,1.0,0.5,0.5,50.0,0.0
3.7222223,1.0,0.5,0.5,50.0,0.0
3.7257257,1.0,0.5,0.5,50.0,0.0
3.7292292,1.0,0.5,0.5,50.0,0.0
3.7327328,1.0,0.5,0.5,50.0,0.0
3.7362363,1.0,0.5,0.5,50.0,0.0
3.7397397,1.0,0.5,0.5,50.0,0.0
3.7432432,1.0,0.5,0.5,50.0,0.0
3.7467468,1.0,0.5,0.5,50.0,0.0
3.7502503,1.0,0.5,0.5,50.0,0.0
3.7537537,1.0,0.5,0.5,50.0,0.0
3.7572572,1.0,0.5,0.5,50.0,0.0
3.7607608,1.0,0.5,0.5,50.0,0.0
3.7642643,1.0,0.5,0.5,50.0,0.0
3.7677677,1.0,0.5,0.5,50.0,0.0
3.7712712,1.0,0.5,0.5,50.0,0.0
3.7747748,1.0,0.5,0.5,50.0,0.0
3.7782784,1.0,0.5,0.5,50.0,0.0
3.7817817,1.0,0.5,0.5,50.0,0.0
3.7852852,1.0,0.5,0.5,50.0,0.0
3.7887888,1.0,0.5,0.5,50.0,0.0
3.7922924,1.0,0.5,0.5,50.0,0.0
3.7957957,1.0,0.5,0.5,50.0,0.0
3.7992992,1.0,0.5,0.5,50.0,0.0
3.8028028,1.0,0.5,0.5,50.0,0.0
3.8063064,1.0,0.5,0.5,50.0,0.0
3.80981,1.0,0.5,0.5,50.0,0.0
3.8133132,1.0,0.5,0.5,50.0,0.0
3.8168168,1.0,0.5,0.5,50.0,0.0
3.8203204,1.0,0.5,0.5,50.0,0.0
3.823824,1.0,0.5,0.5,50.0,0.0
3.8273273,1.0,0.5,0.5,50.0,0.0
3.8308308,1.0,0.5,0.5,50.0,0.0
3.8343344,1.0,0.5,0.5,50.0,0.0
3.837838,1.0,0.5,0.5,50.0,0.0
3.8413413,1.0,0.5,0.5,50.0,0.0
3.8448448,1.0,0.5,0.5,50.0,0.0
3.8483484,1.0,0.5,0.5,50.0,0.0
3.851852,1.0,0.5,0.5,50.0,0.0
3.8553553,1.0,0.5,0.5,50.0,0.0
3.8588588,1.0,0.5,0.5,50.0,0.0
3.8623624,1.0,0.5,0.5,50.0,0.0
3.865866,1.0,0.5,0.5,50.0,0.0
3.8693693,1.0,0.5,0.5,50.0,0.0
3.8728728,1.0,0.5,0.5,50.0,0.0
3.8763764,1.0,0.5,0.5,50.0,0.0
3.87988,1.0,0.5,0.5,50.0,0.0
3.8833833,1.0,0.5,0.5,50.0,0.0
3.8868868,1.0,0.5,0.5,50.0,0.0
3.8903904,1.0,0.5,0.5,50.0,0.0
3.893894,1.0,0.5,0.5,50.0,0.0
3.8973973,1.0,0.5,0.5,50.0,0.0
3.9009008,1.0,0.5,0.5,50.0,0.0
3.9044044,1.0,0.5,0.5,50.0,0.0
3.907908,1.0,0.5,0.5,50.0,0.0
3.9114115,1.0,0.5,0.5,50.0,0.0
3.9149148,1.0,0.5,0.5,50.0,0.0
3.9184184,1.0,0.5,0.5,50.0,0.0
3.921922,1.0,0.5,0.5,50.0,0.0
3.9254255,1.0,0.5,0.5,50.0,0.0
3.9289289,1.0,0.5,0.5,50.0,0.0
3.9324324,1.0,0.5,0.5,50.0,0.0
3.935936,1.0,0.5,0.5,50.0,0.0
3.9394395,1.0,0.5,0.5,50.0,0.0
3.9429429,1.0,0.5,0.5,50.0,0.0
3.9464464,1.0,0.5,0.5,50.0,0.0
3.94995,1.0,0.5,0.5,50.0,0.0
3.9534535,1.0,0.5,0.5,50.0,0.0
3.9569569,1.0,0.5,0.5,50.0,0.0
3.9604604,1.0,0.5,0.5,50.0,0.0
3.963964,1.0,0.5,0.5,50.0,0.0
3.9674675,1.0,0.5,0.5,50.0,0.0
3.9709709,1.0,0.5,0.5,50.0,0.0
3.9744744,1.0,0.5,0.5,50.0,0.0
3.977978,1.0,0.5,0.5,50.0,0.0
3.9814816,1.0,0.5,0.5,50.0,0.0
3.9849849,1.0,0.5,0.5,50.0,0.0
3.9884884,1.0,0.5,0.5,50.0,0.0
3.991992,1.0,0.5,0.5,50.0,0.0
3.9954956,1.0,0.5,0.5,50.0,0.0
3.9989989,1.0,0.5,0.5,50.0,0.0
4.0025024,1.0,0.5,0.5,50.0,0.0
4.0060062,1.0,0.5,0.5,50.0,0.0
4.0095096,1.0,0.5,0.5,50.0,0.0
4.013013,1.0,0.5,0.5,50.0,0.0
4.0165167,1.0,0.5,0.5,50.0,0.0
4.02002,1.0,0.5,0.5,50.0,0.0
4.0235233,1.0,0.5,0.5,50.0,0.0
4.027027,1.0,0.5,0.5,50.0,0.0
4.0305305,1.0,0.5,0.5,50.0,0.0
4.0340343,1.0,0.5,0.5,50.0,0.0
4.0375376,1.0,0.5,0.5,50.0,0.0
4.041041,1.0,0.5,0.5,50.0,0.0
4.0445447,1.0,0.5,0.5,50.0,0.0
4.048048,1.0,0.5,0.5,50.0,0.0
4.0515513,1.0,0.5,0.5,50.0,0.0
4.055055,1.0,0.5,0.5,50.0,0.0
4.0585585,1.0,0.5,0.5,50.0,0.0
4.0620623,1.0,0.5,0.5,50.0,0.0
4.0655656,1.0,0.5,0.5,50.0,0.0
4.069069,1.0,0.5,0.5,50.0,0.0
4.0725727,1.0,0.5,0.5,50.0,0.0
4.076076,1.0,0.5,0.5,50.0,0.0
4.0795794,1.0,0.5,0.5,50.0,0.0
4.083083,1.0,0.5,0.5,50.0,0.0
4.0865865,1.0,0.5,0.5,50.0,0.0
4.0900903,1.0,0.5,0.5,50.0,0.0
4.0935936,1.0,0.5,0.5,50.0,0.0
4.097097,1.0,0.5,0.5,50.0,0.0
4.1006007,1.0,0.5,0.5,50.0,0.0
4.104104,1.0,0.5,0.5,50.0,0.0
4.107608,1.0,0.5,0.5,50.0,0.0
4.111111,1.0,0.5,0.5,50.0,0.0
4.1146145,1.0,0.5,0.5,50.0,0.0
4.1181183,1.0,0.5,0.5,50.0,0.0
4.1216216,1.0,0.5,0.5,50.0,0.0
4.125125,1.0,0.5,0.5,50.0,0.0
4.1286287,1.0,0.5,0.5,50.0,0.0
4.132132,1.0,0.5,0.5,50.0,0.0
4.135636,1.0,0.5,0.5,50.0,0.0
4.139139,1.0,0.5,0.5,50.0,0.0
4.1426425,1.0,0.5,0.5,50.0,0.0
4.1461463,1.0,0.5,0.5,50.0,0.0
4.1496496,1.0,0.5,0.5,50.0,0.0
4.153153,1.0,0.5,0.5,50.0,0.0
4.1566567,1.0,0.5,0.5,50.0,0.0
4.16016,1.0,0.5,0.5,50.0,0.0
4.163664,1.0,0.5,0.5,50.0,0.0
4.167167,1.0,0.5,0.5,50.0,0.0
4.1706705,1.0,0.5,0.5,50.0,0.0
4.1741743,1.0,0.5,0.5,50.0,0.0
4.1776776,1.0,0.5,0.5,50.0,0.0
4.181181,1.0,0.5,0.5,50.0,0.0
4.1846848,1.0,0.5,0.5,50.0,0.0
4.188188,1.0,0.5,0.5,50.0,0.0
4.191692,1.0,0.5,0.5,50.0,0.0
4.195195,1.0,0.5,0.5,50.0,0.0
4.1986985,1.0,0.5,0.5,50.0,0.0
4.2022023,1.0,0.5,0.5,50.0,0.0
4.2057056,1.0,0.5,0.5,50.0,0.0
4.2092094,1.0,0.5,0.5,50.0,0.0
4.212713,1.0,0.5,0.5,50.0,0.0
4.216216,1.0,0.5,0.5,50.0,0.0
4.21972,1.0,0.5,0.5,50.0,0.0
4.223223,1.0,0.5,0.5,50.0,0.0
4.2267265,1.0,0.5,0.5,50.0,0.0
4.2302303,1.0,0.5,0.5,50.0,0.0
4.2337337,1.0,0.5,0.5,50.0,0.0
4.2372375,1.0,0.5,0.5,50.0,0.0
4.240741,1.0,0.5,0.5,50.0,0.0
4.244244,1.0,0.5,0.5,50.0,0.0
4.247748,1.0,0.5,0.5,50.0,0.0
4.251251,1.0,0.5,0.5,50.0,0.0
4.2547545,1.0,0.5,0.5,50.0,0.0
4.2582583,1.0,0.5,0.5,50.0,0.0
4.2617617,1.0,0.5,0.5,50.0,0.0
4.2652655,1.0,0.5,0.5,50.0,0.0
4.268769,1.0,0.5,0.5,50.0,0.0
4.272272,1.0,0.5,0.5,50.0,0.0
4.275776,1.0,0.5,0.5,50.0,0.0
4.279279,1.0,0.5,0.5,50.0,0.0
4.2827826,1.0,0.5,0.5,50.0,0.0
4.2862864,1.0,0.5,0.5,50.0,0.0
4.2897897,1.0,0.5,0.5,50.0,0.0
4.2932935,1.0,0.5,0.5,50.0,0.0
4.296797,1.0,0.5,0.5,50.0,0.0
4.3003,1.0,0.5,0.5,50.0,0.0
4.303804,1.0,0.5,0.5,50.0,0.0
4.3073072,1.0,0.5,0.5,50.0,0.0
4.310811,1.0,0.5,0.5,50.0,0.0
4.3143144,1.0,0.5,0.5,50.0,0.0
4.3178177,1.0,0.5,0.5,50.0,0.0
4.3213215,1.0,0.5,0.5,50.0,0.0
4.324825,1.0,0.5,0.5,50.0,0.0
4.328328,1.0,0.5,0.5,50.0,0.0
4.331832,1.0,0.5,0.5,50.0,0.0
4.3353353,1.0,0.5,0.5,50.0,0.0
4.338839,1.0,0.5,0.5,50.0,0.0
4.3423424,1.0,0.5,0.5,50.0,0.0
4.3458457,1.0,0.5,0.5,50.0,0.0
4.3493495,1.0,0.5,0.5,50.0,0.0
4.352853,1.0,0.5,0.5,50.0,0.0
4.356356,1.0,0.5,0.5,50.0,0.0
4.35986,1.0,0.5,0.5,50.0,0.0
4.3633633,1.0,0.5,0.5,50.0,0.0
4.366867,1.0,0.5,0.5,50.0,0.0
4.3703704,1.0,0.5,0.5,50.0,0.0
4.3738737,1.0,0.5,0.5,50.0,0.0
4.3773775,1.0,0.5,0.5,50.0,0.0
4.380881,1.0,0.5,0.5,50.0,0.0
4.384384,1.0,0.5,0.5,50.0,0.0
4.387888,1.0,0.5,0.5,50.0,0.0
4.3913913,1.0,0.5,0.5,50.0,0.0
4.394895,1.0,0.5,0.5,50.0,0.0
4.3983984,1.0,0.5,0.5,50.0,0.0
4.4019017,1.0,0.5,0.5,50.0,0.0
4.4054055,1.0,0.5,0.5,50.0,0.0
4.408909,1.0,0.5,0.5,50.0,0.0
4.4124126,1.0,0.5,0.5,50.0,0.0
4.415916,1.0,0.5,0.5,50.0,0.0
4.4194193,1.0,0.5,0.5,50.0,0.0
4.422923,1.0,0.5,0.5,50.0,0.0
4.4264264,1.0,0.5,0.5,50.0,0.0
4.4299297,1.0,0.5,0.5,50.0,0.0
4.4334335,1.0,0.5,0.5,50.0,0.0
4.436937,1.0,0.5,0.5,50.0,0.0
4.4404407,1.0,0.5,0.5,50.0,0.0
4.443944,1.0,0.5,0.5,50.0,0.0
4.4474473,1.0,0.5,0.5,50.0,0.0
4.450951,1.0,0.5,0.5,50.0,0.0
4.4544544,1.0,0.5,0.5,50.0,0.0
4.4579577,1.0,0.5,0.5,50.0,0.0
4.4614615,1.0,0.5,0.5,50.0,0.0
4.464965,1.0,0.5,0.5,50.0,0.0
4.4684687,1.0,0.5,0.5,50.0,0.0
4.471972,1.0,0.5,0.5,50.0,0.0
4.4754753,1.0,0.5,0.5,50.0,0.0
4.478979,1.0,0.5,0.5,50.0,0.0
4.4824824,1.0,0.5,0.5,50.0,0.0
4.4859858,1.0,0.5,0.5,50.0,0.0
4.4894896,1.0,0.5,0.5,50.0,0.0
4.492993,1.0,0.5,0.5,50.0,0.0
4.4964967,1.0,0.5,0.5,50.0,0.0
4.5,1.0,0.5,0.5,50.0,12.5
1.0,0.5,0.0,0.5,46.0,12.0
1.0035036,0.5,0.0,0.5,46.0,12.0
1.007007,0.5,0.0,0.5,46.0,12.0
1.0105106,0.5,0.0,0.5,46.0,12.0
1.014014,0.5,0.0,0.5,46.0,12.0
1.0175176,0.5,0.0,0.5,46.0,12.0
1.021021,0.5,0.0,0.5,46.0,12.0
1.0245246,0.5,0.0,0.5,46.0,12.0
1.028028,0.5,0.0,0.5,46.0,12.0
1.0315316,0.5,0.0,0.5,46.0,12.0
1.035035,0.5,0.0,0.5,46.0,12.0
1.0385386,0.5,0.0,0.5,46.0,12.0
1.042042,0.5,0.0,0.5,46.0,12.0
1.0455456,0.5,0.0,0.5,46.0,12.0
1.049049,0.5,0.0,0.5,46.0,12.0
1.0525526,0.5,0.0,0.5,46.0,12.0
1.056056,0.5,0.0,0.5,46.0,12.0
1.0595596,0.5,0.0,0.5,46.0,12.0
1.063063,0.5,0.0,0.5,46.0,12.0
1.0665666,0.5,0.0,0.5,46.0,12.0
1.07007,0.5,0.0,0.5,46.0,12.0
1.0735736,0.5,0.0,0.5,46.0,12.0
1.077077,0.5,0.0,0.5,46.0,12.0
1.0805806,0.5,0.0,0.5,46.0,12.0
1.084084,0.5,0.0,0.5,46.0,12.0
1.0875876,0.5,0.0,0.5,46.0,12.0
1.091091,0.5,0.0,0.5,46.0,12.0
1.0945946,0.5,0.0,0.5,46.0,12.0
1.098098,0.5,0.0,0.5,46.0,12.0
1.1016016,0.5,0.0,0.5,46.0,12.0
1.1051052,0.5,0.0,0.5,46.0,12.0
1.1086086,0.5,0.0,0.5,46.0,12.0
1.1121122,0.5,0.0,0.5,46.0,12.0
1.1156156,0.5,0.0,0.5,46.0,12.0
1.1191192,0.5,0.0,0.5,46.0,12.0
1.1226226,0.5,0.0,0.5,46.0,12.0
1.1261262,0.5,0.0,0.5,46.0,12.0
1.1296296,0.5,0.0,0.5,46.0,12.0
1.1331332,0.5,0.0,0.5,46.0,12.0
1.1366366,0.5,0.0,0.5,46.0,12.0
1.1401402,0.5,0.0,0.5,46.0,12.0
1.1436436,0.5,0.0,0.5,46.0,12.0
1.1471472,0.5,0.0,0.5,46.0,12.0
1.1506506,0.5,0.0,0.5,46.0,12.0
1.1541542,0.5,0.0,0.5,46.0,12.0
1.1576576,0.5,0.0,0.5,46.0,12.0
1.1611612,0.5,0.0,0.5,46.0,12.0
1.1646646,0.5,0.0,0.5,46.0,12.0
1.1681682,0.5,0.0,0.5,46.0,12.0
1.1716716,0.5,0.0,0.5,46.0,12.0
1.1751752,0.5,0.0,0.5,46.0,12.0
1.1786786,0.5,0.0,0.5,46.0,12.0
1.1821822,0.5,0.0,0.5,46.0,12.0
1.1856856,0.5,0.0,0.5,46.0,12.0
1.1891892,0.5,0.0,0.5,46.0,12.0
1.1926926,0.5,0.0,0.5,46.0,12.0
1.1961962,0.5,0.0,0.5,46.0,12.0
1.1996996,0.5,0.0,0.5,46.0,12.0
1.2032032,0.5,0.0,0.5,46.0,12.0
1.2067068,0.5,0.0,0.5,46.0,12.0
1.2102102,0.5,0.0,0.5,46.0,12.0
1.2137138,0.5,0.0,0.5,46.0,12.0
1.2172172,0.5,0.0,0.5,46.0,12.0
1.2207208,0.5,0.0,0.5,46.0,12.0
1.2242242,0.5,0.0,0.5,46.0,12.0
1.2277278,0.5,0.0,0.5,46.0,12.0
1.2312312,0.5,0.0,0.5,46.0,12.0
1.2347348,0.5,0.0,0.5,46.0,12.0
1.2382382,0.5,0.0,0.5,46.0,12.0
1.2417418,0.5,0.0,0.5,46.0,12.0
1.2452452,0.5,0.0,0.5,46.0,12.0
1.2487488,0.5,0.0,0.5,46.0,12.0
1.2522522,0.5,0.0,0.5,46.0,12.0
1.2557558,0.5,0.0,0.5,46.0,17.5
1.2592592,0.5,0.0,0.5,46.0,17.5
1.2627628,0.5,0.0,0.5,46.0,17.5
1.2662662,0.5,0.0,0.5,46.0,17.5
1.2697698,0.5,0.0,0.5,46.0,17.5
1.2732732,0.5,0.0,0.5,46.0,17.5
1.2767768,0.5,0.0,0.5,46.0,17.5
1.2802802,0.5,0.0,0.5,46.0,17.5
1.2837838,0.5,0.0,0.5,46.0,17.5
1.2872872,0.5,0.0,0.5,46.0,17.5
1.2907908,0.5,0.0,0.5,46.0,17.5
1.2942942,0.5,0.0,0.5,46.0,17.5
1.2977978,0.5,0.0,0.5,46.0,17.5
1.3013014,0.5,0.0,0.5,46.0,17.5
1.3048048,0.5,0.0,0.5,46.0,17.5
1.3083084,0.5,0.0,0.5,46.0,17.5
1.3118118,0.5,0.0,0.5,46.0,17.5
1.3153154,0.5,0.0,0.5,46.0,17.5
1.3188188,0.5,0.0,0.5,46.0,17.5
1.3223224,0.5,0.0,0.5,46.0,17.5
1.3258258,0.5,0.0,0.5,46.0,17.5
1.3293294,0.5,0.0,0.5,46.0,17.5
1.3328328,0.5,0.0,0.5,46.0,17.5
1.3363364,0.5,0.0,0.5,46.0,17.5
1.3398398,0.5,0.0,0.5,46.0,17.5
1.3433434,0.5,0.0,0.5,46.0,17.5
1.3468468,0.5,0.0,0.5,46.0,17.5
1.3503504,0.5,0.0,0.5,46.0,17.5
1.3538538,0.5,0.0,0.5,46.0,17.5
1.3573574,0.5,0.0,0.5,46.0,17.5
1.3608608,0.5,0.0,0.5,46.0,17.5
1.3643644,0.5,0.0,0.5,46.0,17.5
1.3678678,0.5,0.0,0.5,46.0,17.5
1.3713714,0.5,0.0,0.5,46.0,17.5
1.3748748,0.5,0.0,0.5,46.0,17.5
1.3783784,0.5,0.0,0.5,46.0,17.5
1.3818818,0.5,0.0,0.5,46.0,17.5
1.3853854,0.5,0.0,0.5,46.0,17.5
1.3888888,0.5,0.0,0.5,46.0,17.5
1.3923924,0.5,0.0,0.5,46.0,17.5
1.3958958,0.5,0.0,0.5,46.0,17.5
1.3993994,0.5,0.0,0.5,46.0,17.5
1.402903,0.5,0.0,0.5,46.0,17.5
1.4064064,0.5,0.0,0.5,46.0,17.5
1.40991,0.5,0.0,0.5,46.0,17.5
1.4134134,0.5,0.0,0.5,46.0,17.5
1.416917,0.5,0.0,0.5,46.0,17.5
1.4204204,0.5,0.0,0.5,46.0,17.5
1.423924,0.5,0.0,0.5,46.0,17.5
1.4274274,0.5,0.0,0.5,46.0,17.5
1.430931,0.5,0.0,0.5,46.0,17.5
1.4344344,0.5,0.0,0.5,46.0,17.5
1.437938,0.5,0.0,0.5,46.0,17.5
1.4414414,0.5,0.0,0.5,46.0,17.5
1.444945,0.5,0.0,0.5,46.0,17.5
1.4484484,0.5,0.0,0.5,46.0,17.5
1.451952,0.5,0.0,0.5,46.0,17.5
1.4554554,0.5,0.0,0.5,46.0,17.5
1.458959,0.5,0.0,0.5,46.0,17.5
1.4624624,0.5,0.0,0.5,46.0,17.5
1.465966,0.5,0.0,0.5,46.0,17.5
1.4694694,0.5,0.0,0.5,46.0,17.5
1.472973,0.5,0.0,0.5,46.0,17.5
1.4764764,0.5,0.0,0.5,46.0,17.5
1.47998,0.5,0.0,0.5,46.0,17.5
1.4834834,0.5,0.0,0.5,46.0,17.5
1.486987,0.5,0.0,0.5,46.0,17.5
1.4904904,0.5,0.0,0.5,46.0,17.5
1.493994,0.5,0.0,0.5,46.0,17.5
1.4974974,0.5,0.0,0.5,46.0,17.5
1.501001,0.5,0.0,0.5,46.0,17.5
1.5045046,0.5,0.0,0.5,46.0,17.5
1.508008,0.5,0.0,0.5,46.0,17.5
1.5115116,0.5,0.0,0.5,46.0,17.5
1.515015,0.5,0.0,0.5,46.0,17.5
1.5185186,0.5,0.0,0.5,46.0,17.5
1.522022,0.5,0.0,0.5,46.0,17.5
1.5255256,0.5,0.0,0.5,46.0,17.5
1.529029,0.5,0.0,0.5,46.0,17.5
1.5325326,0.5,0.0,0.5,46.0,17.5
1.536036,0.5,0.0,0.5,46.0,17.5
1.5395396,0.5,0.0,0.5,46.0,17.5
1.543043,0.5,0.0,0.5,46.0,17.5
1.5465466,0.5,0.0,0.5,46.0,17.5
1.55005,0.5,0.0,0.5,46.0,17.5
1.5535536,0.5,0.0,0.5,46.0,17.5
1.557057,0.5,0.0,0.5,46.0,17.5
1.5605606,0.5,0.0,0.5,46.0,17.5
1.564064,0.5,0.0,0.5,46.0,17.5
1.5675676,0.5,0.0,0.5,46.0,17.5
1.571071,0.5,0.0,0.5,46.0,17.5
1.5745746,0.5,0.0,0.5,46.0,17.5
1.578078,0.5,0.0,0.5,46.0,17.5
1.5815816,0.5,0.0,0.5,46.0,17.5
1.585085,0.5,0.0,0.5,46.0,17.5
1.5885886,0.5,0.0,0.5,46.0,17.5
1.592092,0.5,0.0,0.5,46.0,17.5
1.5955956,0.5,0.0,0.5,46.0,17.5
1.599099,0.5,0.0,0.5,46.0,17.5
1.6026026,0.5,0.0,0.5,46.0,17.5
1.6061062,0.5,0.0,0.5,46.0,17.5
1.6096096,0.5,0.0,0.5,46.0,17.5
1.6131132,0.5,0.0,0.5,46.0,17.5
1.6166166,0.5,0.0,0.5,46.0,17.5
1.6201202,0.5,0.0,0.5,46.0,17.5
1.6236236,0.5,0.0,0.5,46.0,17.5
1.6271272,0.5,0.0,0.5,46.0,17.5
1.6306306,0.5,0.0,0.5,46.0,17.5
1.6341342,0.5,0.0,0.5,46.0,17.5
1.6376376,0.5,0.0,0.5,46.0,17.5
1.6411412,0.5,0.0,0.5,46.0,17.5
1.6446446,0.5,0.0,0.5,46.0,17.5
1.6481482,0.5,0.0,0.5,46.0,17.5
1.6516516,0.5,0.0,0.5,46.0,17.5
1.6551552,0.5,0.0,0.5,46.0,17.5
1.6586586,0.5,0.0,0.5,46.0,17.5
1.6621622,0.5,0.0,0.5,46.0,17.5
1.6656656,0.5,0.0,0.5,46.0,17.5
1.6691692,0.5,0.0,0.5,46.0,17.5
1.6726726,0.5,0.0,0.5,46.0,17.5
1.6761762,0.5,0.0,0.5,46.0,17.5
1.6796796,0.5,0.0,0.5,46.0,17.5
1.6831832,0.5,0.0,0.5,46.0,17.5
1.6866866,0.5,0.0,0.5,46.0,17.5
1.6901902,0.5,0.0,0.5,46.0,17.5
1.6936936,0.5,0.0,0.5,46.0,17.5
1.6971972,0.5,0.0,0.5,46.0,17.5
1.7007008,0.5,0.0,0.5,46.0,17.5
1.7042042,0.5,0.0,0.5,46.0,17.5
1.7077078,0.5,0.0,0.5,46.0,17.5
1.7112112,0.5,0.0,0.5,46.0,17.5
1.7147148,0.5,0.0,0.5,46.0,17.5
1.7182182,0.5,0.0,0.5,46.0,17.5
1.7217218,0.5,0.0,0.5,46.0,17.5
1.7252252,0.5,0.0,0.5,46.0,17.5
1.7287288,0.5,0.0,0.5,46.0,17.5
1.7322322,0.5,0.0,0.5,46.0,17.5
1.7357358,0.5,0.0,0.5,46.0,17.5
1.7392392,0.5,0.0,0.5,46.0,17.5
1.7427428,0.5,0.0,0.5,46.0,17.5
1.7462462,0.5,0.0,0.5,46.0,17.5
1.7497498,0.5,0.0,0.5,46.0,17.5
1.7532532,0.5,0.0,0.5,46.0,17.5
1.7567568,0.5,0.0,0.5,46.0,17.5
1.7602602,0.5,0.0,0.5,46.0,17.5
1.7637638,0.5,0.0,0.5,46.0,17.5
1.7672672,0.5,0.0,0.5,46.0,17.5
1.7707708,0.5,0.0,0.5,46.0,17.5
1.7742742,0.5,0.0,0.5,46.0,17.5
1.7777778,0.5,0.0,0.5,46.0,17.5
1.7812812,0.5,0.0,0.5,46.0,17.5
1.7847848,0.5,0.0,0.5,46.0,17.5
1.7882882,0.5,0.0,0.5,46.0,17.5
1.7917918,0.5,0.0,0.5,46.0,17.5
1.7952952,0.5,0.0,0.5,46.0,17.5
1.7987988,0.5,0.0,0.5,46.0,17.5
1.8023024,0.5,0.0,0.5,46.0,17.5
1.8058058,0.5,0.0,0.5,46.0,17.5
1.8093094,0.5,0.0,0.5,46.0,17.5
1.8128128,0.5,0.0,0.5,46.0,17.5
1.8163164,0.5,0.0,0.5,46.0,17.5
1.8198198,0.5,0.0,0.5,46.0,17.5
1.8233234,0.5,0.0,0.5,46.0,17.5
1.8268268,0.5,0.0,0.5,46.0,17.5
1.8303304,0.5,0.0,0.5,46.0,17.5
1.8338338,0.5,0.0,0.5,46.0,17.5
1.8373374,0.5,0.0,0.5,46.0,17.5
1.8408408,0.5,0.0,0.5,46.0,17.5
1.8443444,0.5,0.0,0.5,46.0,17.5
1.8478478,0.5,0.0,0.5,46.0,17.5
1.8513514,0.5,0.0,0.5,46.0,17.5
1.8548548,0.5,0.0,0.5,46.0,17.5
1.8583584,0.5,0.0,0.5,46.0,17.5
1.8618618,0.5,0.0,0.5,46.0,17.5
1.8653654,0.5,0.0,0.5,46.0,17.5
1.8688688,0.5,0.0,0.5,46.0,17.5
1.8723724,0.5,0.0,0.5,46.0,17.5
1.8758758,0.5,0.0,0.5,46.0,17.5
1.8793794,0.5,0.0,0.5,46.0,17.5
1.8828828,0.5,0.0,0.5,46.0,17.5
1.8863864,0.5,0.0,0.5,46.0,17.5
1.8898898,0.5,0.0,0.5,46.0,17.5
1.8933934,0.5,0.0,0.5,46.0,17.5
1.8968968,0.5,0.0,0.5,46.0,17.5
1.9004004,0.5,0.0,0.5,46.0,17.5
1.903904,0.5,0.0,0.5,46.0,17.5
1.9074074,0.5,0.0,0.5,46.0,17.5
1.910911,0.5,0.0,0.5,46.0,17.5
1.9144144,0.5,0.0,0.5,46.0,17.5
1.917918,0.5,0.0,0.5,46.0,17.5
1.9214214,0.5,0.0,0.5,46.0,17.5
1.924925,0.5,0.0,0.5,46.0,17.5
1.9284284,0.5,0.0,0.5,46.0,17.5
1.931932,0.5,0.0,0.5,46.0,17.5
1.9354354,0.5,0.0,0.5,46.0,17.5
1.938939,0.5,0.0,0.5,46.0,17.5
1.9424424,0.5,0.0,0.5,46.0,17.5
1.945946,0.5,0.0,0.5,46.0,17.5
1.9494494,0.5,0.0,0.5,46.0,17.5
1.952953,0.5,0.0,0.5,46.0,9.0
1.9564564,0.5,0.0,0.5,46.0,9.0
1.95996,0.5,0.0,0.5,46.0,9.0
1.9634634,0.5,0.0,0.5,46.0,9.0
1.966967,0.5,0.0,0.5,46.0,9.0
1.9704704,0.5,0.0,0.5,46.0,9.0
1.973974,0.5,0.0,0.5,46.0,9.0
1.9774774,0.5,0.0,0.5,46.0,9.0
1.980981,0.5,0.0,0.5,46.0,9.0
1.9844844,0.5,0.0,0.5,46.0,9.0
1.987988,0.5,0.0,0.5,46.0,9.0
1.9914914,0.5,0.0,0.5,46.0,9.0
1.994995,0.5,0.0,0.5,46.0,9.0
1.9984984,0.5,0.0,0.5,46.0,9.0
2.002002,0.5,0.0,0.5,46.0,9.0
2.0055056,0.5,0.0,0.5,46.0,9.0
2.0090091,0.5,0.0,0.5,46.0,9.0
2.0125124,0.5,0.0,0.5,46.0,9.0
2.016016,0.5,0.0,0.5,46.0,9.0
2.0195196,0.5,0.0,0.5,46.0,9.0
2.0230231,0.5,0.0,0.5,46.0,9.0
2.0265265,0.5,0.0,0.5,46.0,9.0
2.03003,0.5,0.0,0.5,46.0,9.0
2.0335336,0.5,0.0,0.5,46.0,9.0
2.0370371,0.5,0.0,0.5,46.0,9.0
2.0405405,0.5,0.0,0.5,46.0,9.0
2.044044,0.5,0.0,0.5,46.0,9.0
2.0475476,0.5,0.0,0.5,46.0,9.0
2.0510511,0.5,0.0,0.5,46.0,9.0
2.0545545,0.5,0.0,0.5,46.0,9.0
2.058058,0.5,0.0,0.5,46.0,9.0
2.0615616,0.5,0.0,0.5,46.0,9.0
2.0650651,0.5,0.0,0.5,46.0,9.0
2.0685685,0.5,0.0,0.5,46.0,9.0
2.072072,0.5,0.0,0.5,46.0,9.0
2.0755756,0.5,0.0,0.5,46.0,9.0
2.0790792,0.5,0.0,0.5,46.0,9.0
2.0825825,0.5,0.0,0.5,46.0,9.0
2.086086,0.5,0.0,0.5,46.0,9.0
2.0895896,0.5,0.0,0.5,46.0,9.0
2.0930932,0.5,0.0,0.5,46.0,9.0
2.0965965,0.5,0.0,0.5,46.0,9.0
2.1001,0.5,0.0,0.5,46.0,9.0
2.1036036,0.5,0.0,0.5,46.0,9.0
2.1071072,0.5,0.0,0.5,46.0,9.0
2.1106107,0.5,0.0,0.5,46.0,9.0
2.114114,0.5,0.0,0.5,46.0,9.0
2.1176176,0.5,0.0,0.5,46.0,9.0
2.1211212,0.5,0.0,0.5,46.0,9.0
2.1246247,0.5,0.0,0.5,46.0,9.0
2.128128,0.5,0.0,0.5,46.0,9.0
2.1316316,0.5,0.0,0.5,46.0,9.0
2.1351352,0.5,0.0,0.5,46.0,9.0
2.1386387,0.5,0.0,0.5,46.0,9.0
2.142142,0.5,0.0,0.5,46.0,9.0
2.1456456,0.5,0.0,0.5,46.0,9.0
2.1491492,0.5,0.0,0.5,46.0,9.0
2.1526527,0.5,0.0,0.5,46.0,9.0
2.156156,0.5,0.0,0.5,46.0,9.0
2.1596596,0.5,0.0,0.5,46.0,9.0
2.1631632,0.5,0.0,0.5,46.0,9.0
2.1666667,0.5,0.0,0.5,46.0,9.0
2.17017,0.5,0.0,0.5,46.0,9.0
2.1736736,0.5,0.0,0.5,46.0,9.0
2.1771772,0.5,0.0,0.5,46.0,9.0
2.1806808,0.5,0.0,0.5,46.0,9.0
2.184184,0.5,0.0,0.5,46.0,9.0
2.1876876,0.5,0.0,0.5,46.0,9.0
2.1911912,0.5,0.0,0.5,46.0,9.0
2.1946948,0.5,0.0,0.5,46.0,9.0
2.198198,0.5,0.0,0.5,46.0,9.0
2.2017016,0.5,0.0,0.5,46.0,9.0
2.2052052,0.5,0.0,0.5,46.0,9.0
2.2087088,0.5,0.0,0.5,46.0,9.0
2.2122123,0.5,0.0,0.5,46.0,9.0
2.2157156,0.5,0.0,0.5,46.0,9.0
2.2192192,0.5,0.0,0.5,46.0,9.0
2.2227228,0.5,0.0,0.5,46.0,9.0
2.2262263,0.5,0.0,0.5,46.0,9.0
2.2297297,0.5,0.0,0.5,46.0,9.0
2.2332332,0.5,0.0,0.5,46.0,9.0
2.2367368,0.5,0.0,0.5,46.0,9.0
2.2402403,0.5,0.0,0.5,46.0,9.0
2.2437437,0.5,0.0,0.5,46.0,9.0
2.2472472,0.5,0.0,0.5,46.0,9.0
2.2507508,0.5,0.0,0.5,46.0,9.0
2.2542543,0.5,0.0,0.5,46.0,9.0
2.2577577,0.5,0.0,0.5,46.0,9.0
2.2612612,0.5,0.0,0.5,46.0,9.0
2.2647648,0.5,0.0,0.5,46.0,9.0
2.2682683,0.5,0.0,0.5,46.0,9.0
2.2717717,0.5,0.0,0.5,46.0,9.0
2.2752752,0.5,0.0,0.5,46.0,9.0
2.2787788,0.5,0.0,0.5,46.0,9.0
2.2822824,0.5,0.0,0.5,46.0,9.0
2.2857857,0.5,0.0,0.5,46.0,9.0
2.2892892,0.5,0.0,0.5,46.0,9.0
2.2927928,0.5,0.0,0.5,46.0,9.0
2.2962964,0.5,0.0,0.5,46.0,9.0
2.2997997,0.5,0.0,0.5,46.0,9.0
2.3033032,0.5,0.0,0.5,46.0,9.0
2.3068068,0.5,0.0,0.5,46.0,9.0
2.3103104,0.5,0.0,0.5,46.0,9.0
2.313814,0.5,0.0,0.5,46.0,9.0
2.3173172,0.5,0.0,0.5,46.0,9.0
2.3208208,0.5,0.0,0.5,46.0,9.0
2.3243244,0.5,0.0,0.5,46.0,9.0
2.327828,0.5,0.0,0.5,46.0,9.0
2.3313313,0.5,0.0,0.5,46.0,9.0
2.3348348,0.5,0.0,0.5,46.0,9.0
2.3383384,0.5,0.0,0.5,46.0,9.0
2.341842,0.5,0.0,0.5,46.0,9.0
2.3453453,0.5,0.0,0.5,46.0,9.0
2.3488488,0.5,0.0,0.5,46.0,9.0
2.3523524,0.5,0.0,0.5,46.0,9.0
2.355856,0.5,0.0,0.5,46.0,9.0
2.3593593,0.5,0.0,0.5,46.0,9.0
2.3628628,0.5,0.0,0.5,46.0,9.0
2.3663664,0.5,0.0,0.5,46.0,9.0
2.36987,0.5,0.0,0.5,46.0,9.0
2.3733733,0.5,0.0,0.5,46.0,9.0
2.3768768,0.5,0.0,0.5,46.0,9.0
2.3803804,0.5,0.0,0.5,46.0,9.0
2.383884,0.5,0.0,0.5,46.0,9.0
2.3873873,0.5,0.0,0.5,46.0,9.0
2.3908908,0.5,0.0,0.5,46.0,9.0
2.3943944,0.5,0.0,0.5,46.0,9.0
2.397898,0.5,0.0,0.5,46.0,9.0
2.4014015,0.5,0.0,0.5,46.0,9.0
2.4049048,0.5,0.0,0.5,46.0,9.0
2.4084084,0.5,0.0,0.5,46.0,9.0
2.411912,0.5,0.0,0.5,46.0,9.0
2.4154155,0.5,0.0,0.5,46.0,9.0
2.4189188,0.5,0.0,0.5,46.0,9.0
2.4224224,0.5,0.0,0.5,46.0,9.0
2.425926,0.5,0.0,0.5,46.0,9.0
2.4294295,0.5,0.0,0.5,46.0,9.0
2.4329329,0.5,0.0,0.5,46.0,9.0
2.4364364,0.5,0.0,0.5,46.0,9.0
2.43994,0.5,0.0,0.5,46.0,9.0
2.4434435,0.5,0.0,0.5,46.0,9.0
2.4469469,0.5,0.0,0.5,46.0,9.0
2.4504504,0.5,0.0,0.5,46.0,9.0
2.453954,0.5,0.0,0.5,46.0,9.0
2.4574575,0.5,0.0,0.5,46.0,9.0
2.4609609,0.5,0.0,0.5,46.0,9.0
2.4644644,0.5,0.0,0.5,46.0,9.0
2.467968,0.5,0.0,0.5,46.0,9.0
2.4714715,0.5,0.0,0.5,46.0,9.0
2.4749749,0.5,0.0,0.5,46.0,9.0
2.4784784,0.5,0.0,0.5,46.0,9.0
2.481982,0.5,0.0,0.5,46.0,9.0
2.4854856,0.5,0.0,0.5,46.0,9.0
2.4889889,0.5,0.0,0.5,46.0,9.0
2.4924924,0.5,0.0,0.5,46.0,9.0
2.495996,0.5,0.0,0.5,46.0,9.0
2.4994996,0.5,0.0,0.5,46.0,9.0
2.5030031,0.5,0.0,0.5,46.0,9.0
2.5065064,0.5,0.0,0.5,46.0,9.0
2.51001,0.5,0.0,0.5,46.0,9.0
2.5135136,0.5,0.0,0.5,46.0,9.0
2.5170171,0.5,0.0,0.5,46.0,9.0
2.5205204,0.5,0.0,0.5,46.0,9.0
2.524024,0.5,0.0,0.5,46.0,9.0
2.5275276,0.5,0.0,0.5,46.0,9.0
2.5310311,0.5,0.0,0.5,46.0,9.0
2.5345345,0.5,0.0,0.5,46.0,9.0
2.538038,0.5,0.0,0.5,46.0,9.0
2.5415416,0.5,0.0,0.5,46.0,9.0
2.5450451,0.5,0.0,0.5,46.0,9.0
2.5485485,0.5,0.0,0.5,46.0,9.0
2.552052,0.5,0.0,0.5,46.0,9.0
2.5555556,0.5,0.0,0.5,46.0,9.0
2.5590591,0.5,0.0,0.5,46.0,9.0
2.5625625,0.5,0.0,0.5,46.0,9.0
2.566066,0.5,0.0,0.5,46.0,9.0
2.5695696,0.5,0.0,0.5,46.0,9.0
2.5730731,0.5,0.0,0.5,46.0,9.0
2.5765765,0.5,0.0,0.5,46.0,9.0
2.58008,0.5,0.0,0.5,46.0,9.0
2.5835836,0.5,0.0,0.5,46.0,9.0
2.5870872,0.5,0.0,0.5,46.0,9.0
2.5905905,0.5,0.0,0.5,46.0,9.0
2.594094,0.5,0.0,0.5,46.0,9.0
2.5975976,0.5,0.0,0.5,46.0,9.0
2.6011012,0.5,0.0,0.5,46.0,9.0
2.6046047,0.5,0.0,0.5,46.0,9.0
2.608108,0.5,0.0,0.5,46.0,9.0
2.6116116,0.5,0.0,0.5,46.0,9.0
2.6151152,0.5,0.0,0.5,46.0,9.0
2.6186187,0.5,0.0,0.5,46.0,9.0
2.622122,0.5,0.0,0.5,46.0,9.0
2.6256256,0.5,0.0,0.5,46.0,9.0
2.6291292,0.5,0.0,0.5,46.0,9.0
2.6326327,0.5,0.0,0.5,46.0,9.0
2.636136,0.5,0.0,0.5,46.0,9.0
2.6396396,0.5,0.0,0.5,46.0,9.0
2.6431432,0.5,0.0,0.5,46.0,9.0
2.6466467,0.5,0.0,0.5,46.0,9.0
2.65015,0.5,0.0,0.5,46.0,9.0
2.6536536,0.5,0.0,0.5,46.0,9.0
2.6571572,0.5,0.0,0.5,46.0,9.0
2.6606607,0.5,0.0,0.5,46.0,9.0
2.664164,0.5,0.0,0.5,46.0,9.0
2.6676676,0.5,0.0,0.5,46.0,9.0
2.6711712,0.5,0.0,0.5,46.0,9.0
2.6746747,0.5,0.0,0.5,46.0,9.0
2.678178,0.5,0.0,0.5,46.0,9.0
2.6816816,0.5,0.0,0.5,46.0,9.0
2.6851852,0.5,0.0,0.5,46.0,9.0
2.6886888,0.5,0.0,0.5,46.0,9.0
2.692192,0.5,0.0,0.5,46.0,9.0
2.6956956,0.5,0.0,0.5,46.0,9.0
2.6991992,0.5,0.0,0.5,46.0,9.0
2.7027028,0.5,0.0,0.5,46.0,9.0
2.7062063,0.5,0.0,0.5,46.0,9.0
2.7097096,0.5,0.0,0.5,46.0,9.0
2.7132132,0.5,0.0,0.5,46.0,9.0
2.7167168,0.5,0.0,0.5,46.0,9.0
2.7202203,0.5,0.0,0.5,46.0,9.0
2.7237236,0.5,0.0,0.5,46.0,9.0
2.7272272,0.5,0.0,0.5,46.0,9.0
2.7307308,0.5,0.0,0.5,46.0,9.0
2.7342343,0.5,0.0,0.5,46.0,9.0
2.7377377,0.5,0.0,0.5,46.0,9.0
2.7412412,0.5,0.0,0.5,46.0,9.0
2.7447448,0.5,0.0,0.5,46.0,9.0
2.7482483,0.5,0.0,0.5,46.0,9.0
2.7517517,0.5,0.0,0.5,46.0,9.0
2.7552552,0.5,0.0,0.5,46.0,9.0
2.7587588,0.5,0.0,0.5,46.0,9.0
2.7622623,0.5,0.0,0.5,46.0,9.0
2.7657657,0.5,0.0,0.5,46.0,9.0
2.7692692,0.5,0.0,0.5,46.0,9.0
2.7727728,0.5,0.0,0.5,46.0,9.0
2.7762764,0.5,0.0,0.5,46.0,9.0
2.7797797,0.5,0.0,0.5,46.0,9.0
2.7832832,0.5,0.0,0.5,46.0,9.0
2.7867868,0.5,0.0,0.5,46.0,9.0
2.7902904,0.5,0.0,0.5,46.0,9.0
2.7937937,0.5,0.0,0.5,46.0,9.0
2.7972972,0.5,0.0,0.5,46.0,0.0
2.8008008,0.5,0.0,0.5,46.0,0.0
2.8043044,0.5,0.0,0.5,46.0,0.0
2.807808,0.5,0.0,0.5,46.0,0.0
2.8113112,0.5,0.0,0.5,46.0,0.0
2.8148148,0.5,0.0,0.5,46.0,0.0
2.8183184,0.5,0.0,0.5,46.0,0.0
2.821822,0.5,0.0,0.5,46.0,0.0
2.8253253,0.5,0.0,0.5,46.0,0.0
2.8288288,0.5,0.0,0.5,46.0,0.0
2.8323324,0.5,0.0,0.5,46.0,0.0
2.835836,0.5,0.0,0.5,46.0,0.0
2.8393393,0.5,0.0,0.5,46.0,0.0
2.8428428,0.5,0.0,0.5,46.0,0.0
2.8463464,0.5,0.0,0.5,46.0,0.0
2.84985,0.5,0.0,0.5,46.0,0.0
2.8533533,0.5,0.0,0.5,46.0,0.0
2.8568568,0.5,0.0,0.5,46.0,0.0
2.8603604,0.5,0.0,0.5,46.0,0.0
2.863864,0.5,0.0,0.5,46.0,0.0
2.8673673,0.5,0.0,0.5,46.0,0.0
2.8708708,0.5,0.0,0.5,46.0,0.0
2.8743744,0.5,0.0,0.5,46.0,0.0
2.877878,0.5,0.0,0.5,46.0,0.0
2.8813813,0.5,0.0,0.5,46.0,0.0
2.8848848,0.5,0.0,0.5,46.0,0.0
2.8883884,0.5,0.0,0.5,46.0,0.0
2.891892,0.5,0.0,0.5,46.0,0.0
2.8953953,0.5,0.0,0.5,46.0,0.0
2.8988988,0.5,0.0,0.5,46.0,0.0
2.9024024,0.5,0.0,0.5,46.0,0.0
2.905906,0.5,0.0,0.5,46.0,0.0
2.9094095,0.5,0.0,0.5,46.0,0.0
2.9129128,0.5,0.0,0.5,46.0,0.0
2.9164164,0.5,0.0,0.5,46.0,0.0
2.91992,0.5,0.0,0.5,46.0,0.0
2.9234235,0.5,0.0,0.5,46.0,0.0
2.9269269,0.5,0.0,0.5,46.0,0.0
2.9304304,0.5,0.0,0.5,46.0,0.0
2.933934,0.5,0.0,0.5,46.0,0.0
2.9374375,0.5,0.0,0.5,46.0,0.0
2.9409409,0.5,0.0,0.5,46.0,0.0
2.9444444,0.5,0.0,0.5,46.0,0.0
2.947948,0.5,0.0,0.5,46.0,0.0
2.9514515,0.5,0.0,0.5,46.0,0.0
2.9549549,0.5,0.0,0.5,46.0,0.0
2.9584584,0.5,0.0,0.5,46.0,0.0
2.961962,0.5,0.0,0.5,46.0,0.0
2.9654655,0.5,0.0,0.5,46.0,0.0
2.9689689,0.5,0.0,0.5,46.0,0.0
2.9724724,0.5,0.0,0.5,46.0,0.0
2.975976,0.5,0.0,0.5,46.0,0.0
2.9794796,0.5,0.0,0.5,46.0,0.0
2.9829829,0.5,0.0,0.5,46.0,0.0
2.9864864,0.5,0.0,0.5,46.0,0.0
2.98999,0.5,0.0,0.5,46.0,0.0
2.9934936,0.5,0.0,0.5,46.0,0.0
2.9969969,0.5,0.0,0.5,46.0,0.0
3.0005004,0.5,0.0,0.5,46.0,0.0
3.004004,0.5,0.0,0.5,46.0,0.0
3.0075076,0.5,0.0,0.5,46.0,0.0
3.0110111,0.5,0.0,0.5,46.0,0.0
3.0145144,0.5,0.0,0.5,46.0,0.0
3.018018,0.5,0.0,0.5,46.0,0.0
3.0215216,0.5,0.0,0.5,46.0,0.0
3.0250251,0.5,0.0,0.5,46.0,0.0
3.0285285,0.5,0.0,0.5,46.0,0.0
3.032032,0.5,0.0,0.5,46.0,0.0
3.0355356,0.5,0.0,0.5,46.0,0.0
3.0390391,0.5,0.0,0.5,46.0,0.0
3.0425425,0.5,0.0,0.5,46.0,0.0
3.046046,0.5,0.0,0.5,46.0,0.0
3.0495496,0.5,0.0,0.5,46.0,0.0
3.0530531,0.5,0.0,0.5,46.0,0.0
3.0565565,0.5,0.0,0.5,46.0,0.0
3.06006,0.5,0.0,0.5,46.0,0.0
3.0635636,0.5,0.0,0.5,46.0,0.0
3.0670671,0.5,0.0,0.5,46.0,0.0
3.0705705,0.5,0.0,0.5,46.0,0.0
3.074074,0.5,0.0,0.5,46.0,0.0
3.0775776,0.5,0.0,0.5,46.0,0.0
3.0810812,0.5,0.0,0.5,46.0,0.0
3.0845845,0.5,0.0,0.5,46.0,0.0
3.088088,0.5,0.0,0.5,46.0,0.0
3.0915916,0.5,0.0,0.5,46.0,0.0
3.0950952,0.5,0.0,0.5,46.0,0.0
3.0985985,0.5,0.0,0.5,46.0,0.0
3.102102,0.5,0.0,0.5,46.0,0.0
3.1056056,0.5,0.0,0.5,46.0,0.0
3.1091092,0.5,0.0,0.5,46.0,0.0
3.1126127,0.5,0.0,0.5,46.0,0.0
3.116116,0.5,0.0,0.5,46.0,0.0
3.1196196,0.5,0.0,0.5,46.0,0.0
3.1231232,0.5,0.0,0.5,46.0,0.0
3.1266267,0.5,0.0,0.5,46.0,0.0
3.13013,0.5,0.0,0.5,46.0,0.0
3.1336336,0.5,0.0,0.5,46.0,0.0
3.1371372,0.5,0.0,0.5,46.0,0.0
3.1406407,0.5,0.0,0.5,46.0,0.0
3.144144,0.5,0.0,0.5,46.0,0.0
3.1476476,0.5,0.0,0.5,46.0,0.0
3.1511512,0.5,0.0,0.5,46.0,0.0
3.1546547,0.5,0.0,0.5,46.0,0.0
3.158158,0.5,0.0,0.5,46.0,0.0
3.1616616,0.5,0.0,0.5,46.0,0.0
3.1651652,0.5,0.0,0.5,46.0,0.0
3.1686687,0.5,0.0,0.5,46.0,0.0
3.172172,0.5,0.0,0.5,46.0,0.0
3.1756756,0.5,0.0,0.5,46.0,0.0
3.1791792,0.5,0.0,0.5,46.0,0.0
3.1826828,0.5,0.0,0.5,46.0,0.0
3.186186,0.5,0.0,0.5,46.0,0.0
3.1896896,0.5,0.0,0.5,46.0,0.0
3.1931932,0.5,0.0,0.5,46.0,0.0
3.1966968,0.5,0.0,0.5,46.0,0.0
3.2002003,0.5,0.0,0.5,46.0,0.0
3.2037036,0.5,0.0,0.5,46.0,0.0
3.2072072,0.5,0.0,0.5,46.0,0.0
3.2107108,0.5,0.0,0.5,46.0,0.0
3.2142143,0.5,0.0,0.5,46.0,0.0
3.2177176,0.5,0.0,0.5,46.0,0.0
3.2212212,0.5,0.0,0.5,46.0,0.0
3.2247248,0.5,0.0,0.5,46.0,0.0
3.2282283,0.5,0.0,0.5,46.0,0.0
3.2317317,0.5,0.0,0.5,46.0,0.0
3.2352352,0.5,0.0,0.5,46.0,0.0
3.2387388,0.5,0.0,0.5,46.0,0.0
3.2422423,0.5,0.0,0.5,46.0,0.0
3.2457457,0.5,0.0,0.5,46.0,0.0
3.2492492,0.5,0.0,0.5,46.0,0.0
3.2527528,0.5,0.0,0.5,46.0,0.0
3.2562563,0.5,0.0,0.5,46.0,0.0
3.2597597,0.5,0.0,0.5,46.0,0.0
3.2632632,0.5,0.0,0.5,46.0,0.0
3.2667668,0.5,0.0,0.5,46.0,0.0
3.2702703,0.5,0.0,0.5,46.0,0.0
3.2737737,0.5,0.0,0.5,46.0,0.0
3.2772772,0.5,0.0,0.5,46.0,0.0
3.2807808,0.5,0.0,0.5,46.0,0.0
3.2842844,0.5,0.0,0.5,46.0,0.0
3.2877877,0.5,0.0,0.5,46.0,0.0
3.2912912,0.5,0.0,0.5,46.0,0.0
3.2947948,0.5,0.0,0.5,46.0,0.0
3.2982984,0.5,0.0,0.5,46.0,0.0
3.301802,0.5,0.0,0.5,46.0,0.0
3.3053052,0.5,0.0,0.5,46.0,0.0
3.3088088,0.5,0.0,0.5,46.0,0.0
3.3123124,0.5,0.0,0.5,46.0,0.0
3.315816,0.5,0.0,0.5,46.0,0.0
3.3193192,0.5,0.0,0.5,46.0,0.0
3.3228228,0.5,0.0,0.5,46.0,0.0
3.3263264,0.5,0.0,0.5,46.0,0.0
3.32983,0.5,0.0,0.5,46.0,0.0
3.3333333,0.5,0.0,0.5,46.0,0.0
3.3368368,0.5,0.0,0.5,46.0,0.0
3.3403404,0.5,0.0,0.5,46.0,0.0
3.343844,0.5,0.0,0.5,46.0,0.0
3.3473473,0.5,0.0,0.5,46.0,0.0
3.3508508,0.5,0.0,0.5,46.0,0.0
3.3543544,0.5,0.0,0.5,46.0,0.0
3.357858,0.5,0.0,0.5,46.0,0.0
3.3613613,0.5,0.0,0.5,46.0,0.0
3.3648648,0.5,0.0,0.5,46.0,0.0
3.3683684,0.5,0.0,0.5,46.0,0.0
3.371872,0.5,0.0,0.5,46.0,0.0
3.3753753,0.5,0.0,0.5,46.0,0.0
3.3788788,0.5,0.0,0.5,46.0,0.0
3.3823824,0.5,0.0,0.5,46.0,0.0
3.385886,0.5,0.0,0.5,46.0,0.0
3.3893893,0.5,0.0,0.5,46.0,0.0
3.3928928,0.5,0.0,0.5,46.0,0.0
3.3963964,0.5,0.0,0.5,46.0,0.0
3.3999,0.5,0.0,0.5,46.0,0.0
3.4034035,0.5,0.0,0.5,46.0,0.0
3.4069068,0.5,0.0,0.5,46.0,0.0
3.4104104,0.5,0.0,0.5,46.0,0.0
3.413914,0.5,0.0,0.5,46.0,0.0
3.4174175,0.5,0.0,0.5,46.0,0.0
3.4209208,0.5,0.0,0.5,46.0,0.0
3.4244244,0.5,0.0,0.5,46.0,0.0
3.427928,0.5,0.0,0.5,46.0,0.0
3.4314315,0.5,0.0,0.5,46.0,0.0
3.4349349,0.5,0.0,0.5,46.0,0.0
3.4384384,0.5,0.0,0.5,46.0,0.0
3.441942,0.5,0.0,0.5,46.0,0.0
3.4454455,0.5,0.0,0.5,46.0,0.0
3.4489489,0.5,0.0,0.5,46.0,0.0
3.4524524,0.5,0.0,0.5,46.0,0.0
3.455956,0.5,0.0,0.5,46.0,0.0
3.4594595,0.5,0.0,0.5,46.0,0.0
3.4629629,0.5,0.0,0.5,46.0,0.0
3.4664664,0.5,0.0,0.5,46.0,0.0
3.46997,0.5,0.0,0.5,46.0,0.0
3.4734735,0.5,0.0,0.5,46.0,0.0
3.4769769,0.5,0.0,0.5,46.0,0.0
3.4804804,0.5,0.0,0.5,46.0,0.0
3.483984,0.5,0.0,0.5,46.0,0.0
3.4874876,0.5,0.0,0.5,46.0,0.0
3.4909909,0.5,0.0,0.5,46.0,0.0
3.4944944,0.5,0.0,0.5,46.0,0.0
3.497998,0.5,0.0,0.5,46.0,0.0
3.5015016,0.5,0.0,0.5,46.0,0.0
3.5050051,0.5,0.0,0.5,46.0,0.0
3.5085084,0.5,0.0,0.5,46.0,0.0
3.512012,0.5,0.0,0.5,46.0,0.0
3.5155156,0.5,0.0,0.5,46.0,0.0
3.5190191,0.5,0.0,0.5,46.0,0.0
3.5225224,0.5,0.0,0.5,46.0,0.0
3.526026,0.5,0.0,0.5,46.0,0.0
3.5295296,0.5,0.0,0.5,46.0,0.0
3.5330331,0.5,0.0,0.5,46.0,0.0
3.5365365,0.5,0.0,0.5,46.0,0.0
3.54004,0.5,0.0,0.5,46.0,0.0
3.5435436,0.5,0.0,0.5,46.0,0.0
3.5470471,0.5,0.0,0.5,46.0,0.0
3.5505505,0.5,0.0,0.5,46.0,0.0
3.554054,0.5,0.0,0.5,46.0,0.0
3.5575576,0.5,0.0,0.5,46.0,0.0
3.5610611,0.5,0.0,0.5,46.0,0.0
3.5645645,0.5,0.0,0.5,46.0,0.0
3.568068,0.5,0.0,0.5,46.0,0.0
3.5715716,0.5,0.0,0.5,46.0,0.0
3.5750751,0.5,0.0,0.5,46.0,0.0
3.5785785,0.5,0.0,0.5,46.0,0.0
3.582082,0.5,0.0,0.5,46.0,0.0
3.5855856,0.5,0.0,0.5,46.0,0.0
3.5890892,0.5,0.0,0.5,46.0,0.0
3.5925925,0.5,0.0,0.5,46.0,0.0
3.596096,0.5,0.0,0.5,46.0,0.0
3.5995996,0.5,0.0,0.5,46.0,0.0
3.6031032,0.5,0.0,0.5,46.0,0.0
3.6066067,0.5,0.0,0.5,46.0,0.0
3.61011,0.5,0.0,0.5,46.0,0.0
3.6136136,0.5,0.0,0.5,46.0,0.0
3.6171172,0.5,0.0,0.5,46.0,0.0
3.6206207,0.5,0.0,0.5,46.0,0.0
3.624124,0.5,0.0,0.5,46.0,0.0
3.6276276,0.5,0.0,0.5,46.0,0.0
3.6311312,0.5,0.0,0.5,46.0,0.0
3.6346347,0.5,0.0,0.5,46.0,0.0
3.638138,0.5,0.0,0.5,46.0,0.0
3.6416416,0.5,0.0,0.5,46.0,0.0
3.6451452,0.5,0.0,0.5,46.0,0.0
3.6486487,0.5,0.0,0.5,46.0,0.0
3.652152,0.5,0.0,0.5,46.0,0.0
3.6556556,0.5,0.0,0.5,46.0,0.0
3.6591592,0.5,0.0,0.5,46.0,0.0
3.6626627,0.5,0.0,0.5,46.0,0.0
3.666166,0.5,0.0,0.5,46.0,0.0
3.6696696,0.5,0.0,0.5,46.0,0.0
3.6731732,0.5,0.0,0.5,46.0,0.0
3.6766768,0.5,0.0,0.5,46.0,0.0
3.68018,0.5,0.0,0.5,46.0,0.0
3.6836836,0.5,0.0,0.5,46.0,0.0
3.6871872,0.5,0.0,0.5,46.0,0.0
3.6906908,0.5,0.0,0.5,46.0,0.0
3.694194,0.5,0.0,0.5,46.0,0.0
3.6976976,0.5,0.0,0.5,46.0,0.0
3.7012012,0.5,0.0,0.5,46.0,0.0
3.7047048,0.5,0.0,0.5,46.0,0.0
3.7082083,0.5,0.0,0.5,46.0,0.0
3.7117116,0.5,0.0,0.5,46.0,0.0
3.7152152,0.5,0.0,0.5,46.0,0.0
3.7187188,0.5,0.0,0.5,46.0,0.0
3.7222223,0.5,0.0,0.5,46.0,0.0
3.7257257,0.5,0.0,0.5,46.0,0.0
3.7292292,0.5,0.0,0.5,46.0,0.0
3.7327328,0.5,0.0,0.5,46.0,0.0
3.7362363,0.5,0.0,0.5,46.0,0.0
3.7397397,0.5,0.0,0.5,46.0,0.0
3.7432432,0.5,0.0,0.5,46.0,0.0
3.7467468,0.5,0.0,0.5,46.0,0.0
3.7502503,0.5,0.0,0.5,46.0,0.0
3.7537537,0.5,0.0,0.5,46.0,0.0
3.7572572,0.5,0.0,0.5,46.0,0.0
3.7607608,0.5,0.0,0.5,46.0,0.0
3.7642643,0.5,0.0,0.5,46.0,0.0
3.7677677,0.5,0.0,0.5,46.0,0.0
3.7712712,0.5,0.0,0.5,46.0,0.0
3.7747748,0.5,0.0,0.5,46.0,0.0
3.7782784,0.5,0.0,0.5,46.0,0.0
3.7817817,0.5,0.0,0.5,46.0,0.0
3.7852852,0.5,0.0,0.5,46.0,0.0
3.7887888,0.5,0.0,0.5,46.0,0.0
3.7922924,0.5,0.0,0.5,46.0,0.0
3.7957957,0.5,0.0,0.5,46.0,0.0
3.7992992,0.5,0.0,0.5,46.0,0.0
3.8028028,0.5,0.0,0.5,46.0,0.0
3.8063064,0.5,0.0,0.5,46.0,0.0
3.80981,0.5,0.0,0.5,46.0,0.0
3.8133132,0.5,0.0,0.5,46.0,0.0
3.8168168,0.5,0.0,0.5,46.0,0.0
3.8203204,0.5,0.0,0.5,46.0,0.0
3.823824,0.5,0.0,0.5,46.0,0.0
3.8273273,0.5,0.0,0.5,46.0,0.0
3.8308308,0.5,0.0,0.5,46.0,0.0
3.8343344,0.5,0.0,0.5,46.0,0.0
3.837838,0.5,0.0,0.5,46.0,0.0
3.8413413,0.5,0.0,0.5,46.0,0.0
3.8448448,0.5,0.0,0.5,46.0,0.0
3.8483484,0.5,0.0,0.5,46.0,0.0
3.851852,0.5,0.0,0.5,46.0,0.0
3.8553553,0.5,0.0,0.5,46.0,0.0
3.8588588,0.5,0.0,0.5,46.0,0.0
3.8623624,0.5,0.0,0.5,46.0,0.0
3.865866,0.5,0.0,0.5,46.0,0.0
3.8693693,0.5,0.0,0.5,46.0,0.0
3.8728728,0.5,0.0,0.5,46.0,0.0
3.8763764,0.5,0.0,0.5,46.0,0.0
3.87988,0.5,0.0,0.5,46.0,0.0
3.8833833,0.5,0.0,0.5,46.0,0.0
3.8868868,0.5,0.0,0.5,46.0,0.0
3.8903904,0.5,0.0,0.5,46.0,0.0
3.893894,0.5,0.0,0.5,46.0,0.0
3.8973973,0.5,0.0,0.5,46.0,0.0
3.9009008,0.5,0.0,0.5,46.0,0.0
3.9044044,0.5,0.0,0.5,46.0,0.0
3.907908,0.5,0.0,0.5,46.0,0.0
3.9114115,0.5,0.0,0.5,46.0,0.0
3.9149148,0.5,0.0,0.5,46.0,0.0
3.9184184,0.5,0.0,0.5,46.0,0.0
3.921922,0.5,0.0,0.5,46.0,0.0
3.9254255,0.5,0.0,0.5,46.0,0.0
3.9289289,0.5,0.0,0.5,46.0,0.0
3.9324324,0.5,0.0,0.5,46.0,0.0
3.935936,0.5,0.0,0.5,46.0,0.0
3.9394395,0.5,0.0,0.5,46.0,0.0
3.9429429,0.5,0.0,0.5,46.0,0.0
3.9464464,0.5,0.0,0.5,46.0,0.0
3.94995,0.5,0.0,0.5,46.0,0.0
3.9534535,0.5,0.0,0.5,46.0,0.0
3.9569569,0.5,0.0,0.5,46.0,0.0
3.9604604,0.5,0.0,0.5,46.0,0.0
3.963964,0.5,0.0,0.5,46.0,0.0
3.9674675,0.5,0.0,0.5,46.0,0.0
3.9709709,0.5,0.0,0.5,46.0,0.0
3.9744744,0.5,0.0,0.5,46.0,0.0
3.977978,0.5,0.0,0.5,46.0,0.0
3.9814816,0.5,0.0,0.5,46.0,0.0
3.9849849,0.5,0.0,0.5,46.0,0.0
3.9884884,0.5,0.0,0.5,46.0,0.0
3.991992,0.5,0.0,0.5,46.0,0.0
3.9954956,0.5,0.0,0.5,46.0,0.0
3.9989989,0.5,0.0,0.5,46.0,0.0
4.0025024,0.5,0.0,0.5,46.0,0.0
4.0060062,0.5,0.0,0.5,46.0,0.0
4.0095096,0.5,0.0,0.5,46.0,0.0
4.013013,0.5,0.0,0.5,46.0,0.0
4.0165167,0.5,0.0,0.5,46.0,0.0
4.02002,0.5,0.0,0.5,46.0,0.0
4.0235233,0.5,0.0,0.5,46.0,0.0
4.027027,0.5,0.0,0.5,46.0,0.0
4.0305305,0.5,0.0,0.5,46.0,0.0
4.0340343,0.5,0.0,0.5,46.0,0.0
4.0375376,0.5,0.0,0.5,46.0,0.0
4.041041,0.5,0.0,0.5,46.0,0.0
4.0445447,0.5,0.0,0.5,46.0,0.0
4.048048,0.5,0.0,0.5,46.0,0.0
4.0515513,0.5,0.0,0.5,46.0,0.0
4.055055,0.5,0.0,0.5,46.0,0.0
4.0585585,0.5,0.0,0.5,46.0,0.0
4.0620623,0.5,0.0,0.5,46.0,0.0
4.0655656,0.5,0.0,0.5,46.0,0.0
4.069069,0.5,0.0,0.5,46.0,0.0
4.0725727,0.5,0.0,0.5,46.0,0.0
4.076076,0.5,0.0,0.5,46.0,0.0
4.0795794,0.5,0.0,0.5,46.0,0.0
4.083083,0.5,0.0,0.5,46.0,0.0
4.0865865,0.5,0.0,0.5,46.0,0.0
4.0900903,0.5,0.0,0.5,46.0,0.0
4.0935936,0.5,0.0,0.5,46.0,0.0
4.097097,0.5,0.0,0.5,46.0,0.0
4.1006007,0.5,0.0,0.5,46.0,0.0
4.104104,0.5,0.0,0.5,46.0,0.0
4.107608,0.5,0.0,0.5,46.0,0.0
4.111111,0.5,0.0,0.5,46.0,0.0
4.1146145,0.5,0.0,0.5,46.0,0.0
4.1181183,0.5,0.0,0.5,46.0,0.0
4.1216216,0.5,0.0,0.5,46.0,0.0
4.125125,0.5,0.0,0.5,46.0,0.0
4.1286287,0.5,0.0,0.5,46.0,0.0
4.132132,0.5,0.0,0.5,46.0,0.0
4.135636,0.5,0.0,0.5,46.0,0.0
4.139139,0.5,0.0,0.5,46.0,0.0
4.1426425,0.5,0.0,0.5,46.0,0.0
4.1461463,0.5,0.0,0.5,46.0,0.0
4.1496496,0.5,0.0,0.5,46.0,0.0
4.153153,0.5,0.0,0.5,46.0,0.0
4.1566567,0.5,0.0,0.5,46.0,0.0
4.16016,0.5,0.0,0.5,46.0,0.0
4.163664,0.5,0.0,0.5,46.0,0.0
4.167167,0.5,0.0,0.5,46.0,0.0
4.1706705,0.5,0.0,0.5,46.0,0.0
4.1741743,0.5,0.0,0.5,46.0,0.0
4.1776776,0.5,0.0,0.5,46.0,0.0
4.181181,0.5,0.0,0.5,46.0,0.0
4.1846848,0.5,0.0,0.5,46.0,0.0
4.188188,0.5,0.0,0.5,46.0,0.0
4.191692,0.5,0.0,0.5,46.0,0.0
4.195195,0.5,0.0,0.5,46.0,0.0
4.1986985,0.5,0.0,0.5,46.0,0.0
4.2022023,0.5,0.0,0.5,46.0,0.0
4.2057056,0.5,0.0,0.5,46.0,0.0
4.2092094,0.5,0.0,0.5,46.0,0.0
4.212713,0.5,0.0,0.5,46.0,0.0
4.216216,0.5,0.0,0.5,46.0,0.0
4.21972,0.5,0.0,0.5,46.0,0.0
4.223223,0.5,0.0,0.5,46.0,0.0
4.2267265,0.5,0.0,0.5,46.0,0.0
4.2302303,0.5,0.0,0.5,46.0,0.0
4.2337337,0.5,0.0,0.5,46.0,0.0
4.2372375,0.5,0.0,0.5,46.0,0.0
4.240741,0.5,0.0,0.5,46.0,0.0
4.244244,0.5,0.0,0.5,46.0,0.0
4.247748,0.5,0.0,0.5,46.0,0.0
4.251251,0.5,0.0,0.5,46.0,0.0
4.2547545,0.5,0.0,0.5,46.0,0.0
4.2582583,0.5,0.0,0.5,46.0,0.0
4.2617617,0.5,0.0,0.5,46.0,0.0
4.2652655,0.5,0.0,0.5,46.0,0.0
4.268769,0.5,0.0,0.5,46.0,0.0
4.272272,0.5,0.0,0.5,46.0,0.0
4.275776,0.5,0.0,0.5,46.0,0.0
4.279279,0.5,0.0,0.5,46.0,0.0
4.2827826,0.5,0.0,0.5,46.0,0.0
4.2862864,0.5,0.0,0.5,46.0,0.0
4.2897897,0.5,0.0,0.5,46.0,0.0
4.2932935,0.5,0.0,0.5,46.0,0.0
4.296797,0.5,0.0,0.5,46.0,0.0
4.3003,0.5,0.0,0.5,46.0,0.0
4.303804,0.5,0.0,0.5,46.0,0.0
4.3073072,0.5,0.0,0.5,46.0,0.0
4.310811,0.5,0.0,0.5,46.0,0.0
4.3143144,0.5,0.0,0.5,46.0,0.0
4.3178177,0.5,0.0,0.5,46.0,0.0
4.3213215,0.5,0.0,0.5,46.0,0.0
4.324825,0.5,0.0,0.5,46.0,0.0
4.328328,0.5,0.0,0.5,46.0,0.0
4.331832,0.5,0.0,0.5,46.0,0.0
4.3353353,0.5,0.0,0.5,46.0,0.0
4.338839,0.5,0.0,0.5,46.0,0.0
4.3423424,0.5,0.0,0.5,46.0,0.0
4.3458457,0.5,0.0,0.5,46.0,0.0
4.3493495,0.5,0.0,0.5,46.0,0.0
4.352853,0.5,0.0,0.5,46.0,0.0
4.356356,0.5,0.0,0.5,46.0,0.0
4.35986,0.5,0.0,0.5,46.0,0.0
4.3633633,0.5,0.0,0.5,46.0,0.0
4.366867,0.5,0.0,0.5,46.0,0.0
4.3703704,0.5,0.0,0.5,46.0,0.0
4.3738737,0.5,0.0,0.5,46.0,0.0
4.3773775,0.5,0.0,0.5,46.0,0.0
4.380881,0.5,0.0,0.5,46.0,0.0
4.384384,0.5,0.0,0.5,46.0,0.0
4.387888,0.5,0.0,0.5,46.0,0.0
4.3913913,0.5,0.0,0.5,46.0,0.0
4.394895,0.5,0.0,0.5,46.0,0.0
4.3983984,0.5,0.0,0.5,46.0,0.0
4.4019017,0.5,0.0,0.5,46.0,0.0
4.4054055,0.5,0.0,0.5,46.0,0.0
4.408909,0.5,0.0,0.5,46.0,0.0
4.4124126,0.5,0.0,0.5,46.0,0.0
4.415916,0.5,0.0,0.5,46.0,0.0
4.4194193,0.5,0.0,0.5,46.0,0.0
4.422923,0.5,0.0,0.5,46.0,0.0
4.4264264,0.5,0.0,0.5,46.0,0.0
4.4299297,0.5,0.0,0.5,46.0,0.0
4.4334335,0.5,0.0,0.5,46.0,0.0
4.436937,0.5,0.0,0.5,46.0,0.0
4.4404407,0.5,0.0,0.5,46.0,0.0
4.443944,0.5,0.0,0.5,46.0,0.0
4.4474473,0.5,0.0,0.5,46.0,0.0
4.450951,0.5,0.0,0.5,46.0,0.0
4.4544544,0.5,0.0,0.5,46.0,0.0
4.4579577,0.5,0.0,0.5,46.0,0.0
4.4614615,0.5,0.0,0.5,46.0,0.0
4.464965,0.5,0.0,0.5,46.0,0.0
4.4684687,0.5,0.0,0.5,46.0,0.0
4.471972,0.5,0.0,0.5,46.0,0.0
4.4754753,0.5,0.0,0.5,46.0,0.0
4.478979,0.5,0.0,0.5,46.0,0.0
4.4824824,0.5,0.0,0.5,46.0,0.0
4.4859858,0.5,0.0,0.5,46.0,0.0
4.4894896,0.5,0.0,0.5,46.0,0.0
4.492993,0.5,0.0,0.5,46.0,0.0
4.4964967,0.5,0.0,0.5,46.0,0.0
4.5,0.5,0.0,0.5,46.0,0.0
1.0,0.0,0.5,0.0,51.0,19.0
1.0035036,0.0,0.5,0.0,51.0,19.0
1.007007,0.0,0.5,0.0,51.0,19.0
1.0105106,0.0,0.5,0.0,51.0,19.0
1.014014,0.0,0.5,0.0,51.0,19.0
1.0175176,0.0,0.5,0.0,51.0,19.0
1.021021,0.0,0.5,0.0,51.0,19.0
1.0245246,0.0,0.5,0.0,51.0,19.0
1.028028,0.0,0.5,0.0,51.0,19.0
1.0315316,0.0,0.5,0.0,51.0,19.0
1.035035,0.0,0.5,0.0,51.0,19.0
1.0385386,0.0,0.5,0.0,51.0,19.0
1.042042,0.0,0.5,0.0,51.0,19.0
1.0455456,0.0,0.5,0.0,51.0,19.0
1.049049,0.0,0.5,0.0,51.0,19.0
1.0525526,0.0,0.5,0.0,51.0,19.0
1.056056,0.0,0.5,0.0,51.0,19.0
1.0595596,0.0,0.5,0.0,51.0,19.0
1.063063,0.0,0.5,0.0,51.0,19.0
1.0665666,0.0,0.5,0.0,51.0,19.0
1.07007,0.0,0.5,0.0,51.0,19.0
1.0735736,0.0,0.5,0.0,51.0,19.0
1.077077,0.0,0.5,0.0,51.0,19.0
1.0805806,0.0,0.5,0.0,51.0,19.0
1.084084,0.0,0.5,0.0,51.0,19.0
1.0875876,0.0,0.5,0.0,51.0,19.0
1.091091,0.0,0.5,0.0,51.0,19.0
1.0945946,0.0,0.5,0.0,51.0,19.0
1.098098,0.0,0.5,0.0,51.0,19.0
1.1016016,0.0,0.5,0.0,51.0,19.0
1.1051052,0.0,0.5,0.0,51.0,19.0
1.1086086,0.0,0.5,0.0,51.0,19.0
1.1121122,0.0,0.5,0.0,51.0,19.0
1.1156156,0.0,0.5,0.0,51.0,19.0
1.1191192,0.0,0.5,0.0,51.0,19.0
1.1226226,0.0,0.5,0.0,51.0,19.0
1.1261262,0.0,0.5,0.0,51.0,19.0
1.1296296,0.0,0.5,0.0,51.0,19.0
1.1331332,0.0,0.5,0.0,51.0,19.0
1.1366366,0.0,0.5,0.0,51.0,19.0
1.1401402,0.0,0.5,0.0,51.0,19.0
1.1436436,0.0,0.5,0.0,51.0,19.0
1.1471472,0.0,0.5,0.0,51.0,19.0
1.1506506,0.0,0.5,0.0,51.0,19.0
1.1541542,0.0,0.5,0.0,51.0,19.0
1.1576576,0.0,0.5,0.0,51.0,19.0
1.1611612,0.0,0.5,0.0,51.0,19.0
1.1646646,0.0,0.5,0.0,51.0,19.0
1.1681682,0.0,0.5,0.0,51.0,19.0
1.1716716,0.0,0.5,0.0,51.0,19.0
1.1751752,0.0,0.5,0.0,51.0,19.0
1.1786786,0.0,0.5,0.0,51.0,19.0
1.1821822,0.0,0.5,0.0,51.0,19.0
1.1856856,0.0,0.5,0.0,51.0,19.0
1.1891892,0.0,0.5,0.0,51.0,19.0
1.1926926,0.0,0.5,0.0,51.0,19.0
1.1961962,0.0,0.5,0.0,51.0,19.0
1.1996996,0.0,0.5,0.0,51.0,19.0
1.2032032,0.0,0.5,0.0,51.0,19.0
1.2067068,0.0,0.5,0.0,51.0,19.0
1.2102102,0.0,0.5,0.0,51.0,19.0
1.2137138,0.0,0.5,0.0,51.0,19.0
1.2172172,0.0,0.5,0.0,51.0,19.0
1.2207208,0.0,0.5,0.0,51.0,19.0
1.2242242,0.0,0.5,0.0,51.0,19.0
1.2277278,0.0,0.5,0.0,51.0,19.0
1.2312312,0.0,0.5,0.0,51.0,19.0
1.2347348,0.0,0.5,0.0,51.0,19.0
1.2382382,0.0,0.5,0.0,51.0,19.0
1.2417418,0.0,0.5,0.0,51.0,19.0
1.2452452,0.0,0.5,0.0,51.0,19.0
1.2487488,0.0,0.5,0.0,51.0,19.0
1.2522522,0.0,0.5,0.0,51.0,19.0
1.2557558,0.0,0.5,0.0,51.0,19.0
1.2592592,0.0,0.5,0.0,51.0,19.0
1.2627628,0.0,0.5,0.0,51.0,19.0
1.2662662,0.0,0.5,0.0,51.0,19.0
1.2697698,0.0,0.5,0.0,51.0,19.0
1.2732732,0.0,0.5,0.0,51.0,19.0
1.2767768,0.0,0.5,0.0,51.0,19.0
1.2802802,0.0,0.5,0.0,51.0,19.0
1.2837838,0.0,0.5,0.0,51.0,19.0
1.2872872,0.0,0.5,0.0,51.0,19.0
1.2907908,0.0,0.5,0.0,51.0,19.0
1.2942942,0.0,0.5,0.0,51.0,19.0
1.2977978,0.0,0.5,0.0,51.0,19.0
1.3013014,0.0,0.5,0.0,51.0,19.0
1.3048048,0.0,0.5,0.0,51.0,19.0
1.3083084,0.0,0.5,0.0,51.0,19.0
1.3118118,0.0,0.5,0.0,51.0,19.0
1.3153154,0.0,0.5,0.0,51.0,19.0
1.3188188,0.0,0.5,0.0,51.0,19.0
1.3223224,0.0,0.5,0.0,51.0,19.0
1.3258258,0.0,0.5,0.0,51.0,19.0
1.3293294,0.0,0.5,0.0,51.0,19.0
1.3328328,0.0,0.5,0.0,51.0,19.0
1.3363364,0.0,0.5,0.0,51.0,19.0
1.3398398,0.0,0.5,0.0,51.0,19.0
1.3433434,0.0,0.5,0.0,51.0,19.0
1.3468468,0.0,0.5,0.0,51.0,19.0
1.3503504,0.0,0.5,0.0,51.0,19.0
1.3538538,0.0,0.5,0.0,51.0,19.0
1.3573574,0.0,0.5,0.0,51.0,19.0
1.3608608,0.0,0.5,0.0,51.0,19.0
1.3643644,0.0,0.5,0.0,51.0,19.0
1.3678678,0.0,0.5,0.0,51.0,19.0
1.3713714,0.0,0.5,0.0,51.0,19.0
1.3748748,0.0,0.5,0.0,51.0,19.0
1.3783784,0.0,0.5,0.0,51.0,19.0
1.3818818,0.0,0.5,0.0,51.0,19.0
1.3853854,0.0,0.5,0.0,51.0,19.0
1.3888888,0.0,0.5,0.0,51.0,19.0
1.3923924,0.0,0.5,0.0,51.0,19.0
1.3958958,0.0,0.5,0.0,51.0,19.0
1.3993994,0.0,0.5,0.0,51.0,19.0
1.402903,0.0,0.5,0.0,51.0,19.0
1.4064064,0.0,0.5,0.0,51.0,19.0
1.40991,0.0,0.5,0.0,51.0,19.0
1.4134134,0.0,0.5,0.0,51.0,19.0
1.416917,0.0,0.5,0.0,51.0,19.0
1.4204204,0.0,0.5,0.0,51.0,19.0
1.423924,0.0,0.5,0.0,51.0,19.0
1.4274274,0.0,0.5,0.0,51.0,19.0
1.430931,0.0,0.5,0.0,51.0,19.0
1.4344344,0.0,0.5,0.0,51.0,19.0
1.437938,0.0,0.5,0.0,51.0,19.0
1.4414414,0.0,0.5,0.0,51.0,19.0
1.444945,0.0,0.5,0.0,51.0,19.0
1.4484484,0.0,0.5,0.0,51.0,19.0
1.451952,0.0,0.5,0.0,51.0,19.0
1.4554554,0.0,0.5,0.0,51.0,19.0
1.458959,0.0,0.5,0.0,51.0,7.5
1.4624624,0.0,0.5,0.0,51.0,7.5
1.465966,0.0,0.5,0.0,51.0,7.5
1.4694694,0.0,0.5,0.0,51.0,7.5
1.472973,0.0,0.5,0.0,51.0,7.5
1.4764764,0.0,0.5,0.0,51.0,7.5
1.47998,0.0,0.5,0.0,51.0,7.5
1.4834834,0.0,0.5,0.0,51.0,7.5
1.486987,0.0,0.5,0.0,51.0,7.5
1.4904904,0.0,0.5,0.0,51.0,7.5
1.493994,0.0,0.5,0.0,51.0,7.5
1.4974974,0.0,0.5,0.0,51.0,7.5
1.501001,0.0,0.5,0.0,51.0,7.5
1.5045046,0.0,0.5,0.0,51.0,7.5
1.508008,0.0,0.5,0.0,51.0,7.5
1.5115116,0.0,0.5,0.0,51.0,7.5
1.515015,0.0,0.5,0.0,51.0,7.5
1.5185186,0.0,0.5,0.0,51.0,7.5
1.522022,0.0,0.5,0.0,51.0,7.5
1.5255256,0.0,0.5,0.0,51.0,7.5
1.529029,0.0,0.5,0.0,51.0,7.5
1.5325326,0.0,0.5,0.0,51.0,7.5
1.536036,0.0,0.5,0.0,51.0,7.5
1.5395396,0.0,0.5,0.0,51.0,7.5
1.543043,0.0,0.5,0.0,51.0,7.5
1.5465466,0.0,0.5,0.0,51.0,7.5
1.55005,0.0,0.5,0.0,51.0,7.5
1.5535536,0.0,0.5,0.0,51.0,7.5
1.557057,0.0,0.5,0.0,51.0,7.5
1.5605606,0.0,0.5,0.0,51.0,7.5
1.564064,0.0,0.5,0.0,51.0,7.5
1.5675676,0.0,0.5,0.0,51.0,7.5
1.571071,0.0,0.5,0.0,51.0,7.5
1.5745746,0.0,0.5,0.0,51.0,7.5
1.578078,0.0,0.5,0.0,51.0,7.5
1.5815816,0.0,0.5,0.0,51.0,7.5
1.585085,0.0,0.5,0.0,51.0,7.5
1.5885886,0.0,0.5,0.0,51.0,7.5
1.592092,0.0,0.5,0.0,51.0,7.5
1.5955956,0.0,0.5,0.0,51.0,7.5
1.599099,0.0,0.5,0.0,51.0,7.5
1.6026026,0.0,0.5,0.0,51.0,7.5
1.6061062,0.0,0.5,0.0,51.0,7.5
1.6096096,0.0,0.5,0.0,51.0,7.5
1.6131132,0.0,0.5,0.0,51.0,7.5
1.6166166,0.0,0.5,0.0,51.0,7.5
1.6201202,0.0,0.5,0.0,51.0,7.5
1.6236236,0.0,0.5,0.0,51.0,7.5
1.6271272,0.0,0.5,0.0,51.0,7.5
1.6306306,0.0,0.5,0.0,51.0,7.5
1.6341342,0.0,0.5,0.0,51.0,7.5
1.6376376,0.0,0.5,0.0,51.0,7.5
1.6411412,0.0,0.5,0.0,51.0,7.5
1.6446446,0.0,0.5,0.0,51.0,7.5
1.6481482,0.0,0.5,0.0,51.0,7.5
1.6516516,0.0,0.5,0.0,51.0,7.5
1.6551552,0.0,0.5,0.0,51.0,7.5
1.6586586,0.0,0.5,0.0,51.0,7.5
1.6621622,0.0,0.5,0.0,51.0,7.5
1.6656656,0.0,0.5,0.0,51.0,7.5
1.6691692,0.0,0.5,0.0,51.0,7.5
1.6726726,0.0,0.5,0.0,51.0,7.5
1.6761762,0.0,0.5,0.0,51.0,7.5
1.6796796,0.0,0.5,0.0,51.0,7.5
1.6831832,0.0,0.5,0.0,51.0,7.5
1.6866866,0.0,0.5,0.0,51.0,7.5
1.6901902,0.0,0.5,0.0,51.0,7.5
1.6936936,0.0,0.5,0.0,51.0,7.5
1.6971972,0.0,0.5,0.0,51.0,7.5
1.7007008,0.0,0.5,0.0,51.0,7.5
1.7042042,0.0,0.5,0.0,51.0,7.5
1.7077078,0.0,0.5,0.0,51.0,7.5
1.7112112,0.0,0.5,0.0,51.0,7.5
1.7147148,0.0,0.5,0.0,51.0,7.5
1.7182182,0.0,0.5,0.0,51.0,7.5
1.7217218,0.0,0.5,0.0,51.0,7.5
1.7252252,0.0,0.5,0.0,51.0,7.5
1.7287288,0.0,0.5,0.0,51.0,7.5
1.7322322,0.0,0.5,0.0,51.0,7.5
1.7357358,0.0,0.5,0.0,51.0,7.5
1.7392392,0.0,0.5,0.0,51.0,7.5
1.7427428,0.0,0.5,0.0,51.0,7.5
1.7462462,0.0,0.5,0.0,51.0,7.5
1.7497498,0.0,0.5,0.0,51.0,7.5
1.7532532,0.0,0.5,0.0,51.0,7.5
1.7567568,0.0,0.5,0.0,51.0,7.5
1.7602602,0.0,0.5,0.0,51.0,7.5
1.7637638,0.0,0.5,0.0,51.0,7.5
1.7672672,0.0,0.5,0.0,51.0,7.5
1.7707708,0.0,0.5,0.0,51.0,7.5
1.7742742,0.0,0.5,0.0,51.0,7.5
1.7777778,0.0,0.5,0.0,51.0,7.5
1.7812812,0.0,0.5,0.0,51.0,7.5
1.7847848,0.0,0.5,0.0,51.0,7.5
1.7882882,0.0,0.5,0.0,51.0,7.5
1.7917918,0.0,0.5,0.0,51.0,7.5
1.7952952,0.0,0.5,0.0,51.0,7.5
1.7987988,0.0,0.5,0.0,51.0,7.5
1.8023024,0.0,0.5,0.0,51.0,7.5
1.8058058,0.0,0.5,0.0,51.0,7.5
1.8093094,0.0,0.5,0.0,51.0,7.5
1.8128128,0.0,0.5,0.0,51.0,7.5
1.8163164,0.0,0.5,0.0,51.0,7.5
1.8198198,0.0,0.5,0.0,51.0,7.5
1.8233234,0.0,0.5,0.0,51.0,7.5
1.8268268,0.0,0.5,0.0,51.0,7.5
1.8303304,0.0,0.5,0.0,51.0,7.5
1.8338338,0.0,0.5,0.0,51.0,7.5
1.8373374,0.0,0.5,0.0,51.0,7.5
1.8408408,0.0,0.5,0.0,51.0,7.5
1.8443444,0.0,0.5,0.0,51.0,7.5
1.8478478,0.0,0.5,0.0,51.0,7.5
1.8513514,0.0,0.5,0.0,51.0,7.5
1.8548548,0.0,0.5,0.0,51.0,7.5
1.8583584,0.0,0.5,0.0,51.0,7.5
1.8618618,0.0,0.5,0.0,51.0,7.5
1.8653654,0.0,0.5,0.0,51.0,7.5
1.8688688,0.0,0.5,0.0,51.0,7.5
1.8723724,0.0,0.5,0.0,51.0,7.5
1.8758758,0.0,0.5,0.0,51.0,7.5
1.8793794,0.0,0.5,0.0,51.0,7.5
1.8828828,0.0,0.5,0.0,51.0,7.5
1.8863864,0.0,0.5,0.0,51.0,7.5
1.8898898,0.0,0.5,0.0,51.0,7.5
1.8933934,0.0,0.5,0.0,51.0,7.5
1.8968968,0.0,0.5,0.0,51.0,7.5
1.9004004,0.0,0.5,0.0,51.0,7.5
1.903904,0.0,0.5,0.0,51.0,7.5
1.9074074,0.0,0.5,0.0,51.0,7.5
1.910911,0.0,0.5,0.0,51.0,7.5
1.9144144,0.0,0.5,0.0,51.0,7.5
1.917918,0.0,0.5,0.0,51.0,7.5
1.9214214,0.0,0.5,0.0,51.0,7.5
1.924925,0.0,0.5,0.0,51.0,7.5
1.9284284,0.0,0.5,0.0,51.0,7.5
1.931932,0.0,0.5,0.0,51.0,7.5
1.9354354,0.0,0.5,0.0,51.0,7.5
1.938939,0.0,0.5,0.0,51.0,7.5
1.9424424,0.0,0.5,0.0,51.0,7.5
1.945946,0.0,0.5,0.0,51.0,7.5
1.9494494,0.0,0.5,0.0,51.0,7.5
1.952953,0.0,0.5,0.0,51.0,7.5
1.9564564,0.0,0.5,0.0,51.0,7.5
1.95996,0.0,0.5,0.0,51.0,7.5
1.9634634,0.0,0.5,0.0,51.0,7.5
1.966967,0.0,0.5,0.0,51.0,7.5
1.9704704,0.0,0.5,0.0,51.0,7.5
1.973974,0.0,0.5,0.0,51.0,7.5
1.9774774,0.0,0.5,0.0,51.0,7.5
1.980981,0.0,0.5,0.0,51.0,7.5
1.9844844,0.0,0.5,0.0,51.0,7.5
1.987988,0.0,0.5,0.0,51.0,7.5
1.9914914,0.0,0.5,0.0,51.0,7.5
1.994995,0.0,0.5,0.0,51.0,7.5
1.9984984,0.0,0.5,0.0,51.0,7.5
2.002002,0.0,0.5,0.0,51.0,7.5
2.0055056,0.0,0.5,0.0,51.0,7.5
2.0090091,0.0,0.5,0.0,51.0,7.5
2.0125124,0.0,0.5,0.0,51.0,7.5
2.016016,0.0,0.5,0.0,51.0,7.5
2.0195196,0.0,0.5,0.0,51.0,7.5
2.0230231,0.0,0.5,0.0,51.0,7.5
2.0265265,0.0,0.5,0.0,51.0,7.5
2.03003,0.0,0.5,0.0,51.0,7.5
2.0335336,0.0,0.5,0.0,51.0,7.5
2.0370371,0.0,0.5,0.0,51.0,7.5
2.0405405,0.0,0.5,0.0,51.0,7.5
2.044044,0.0,0.5,0.0,51.0,7.5
2.0475476,0.0,0.5,0.0,51.0,7.5
2.0510511,0.0,0.5,0.0,51.0,7.5
2.0545545,0.0,0.5,0.0,51.0,7.5
2.058058,0.0,0.5,0.0,51.0,7.5
2.0615616,0.0,0.5,0.0,51.0,7.5
2.0650651,0.0,0.5,0.0,51.0,7.5
2.0685685,0.0,0.5,0.0,51.0,7.5
2.072072,0.0,0.5,0.0,51.0,7.5
2.0755756,0.0,0.5,0.0,51.0,7.5
2.0790792,0.0,0.5,0.0,51.0,7.5
2.0825825,0.0,0.5,0.0,51.0,7.5
2.086086,0.0,0.5,0.0,51.0,7.5
2.0895896,0.0,0.5,0.0,51.0,7.5
2.0930932,0.0,0.5,0.0,51.0,7.5
2.0965965,0.0,0.5,0.0,51.0,7.5
2.1001,0.0,0.5,0.0,51.0,7.5
2.1036036,0.0,0.5,0.0,51.0,7.5
2.1071072,0.0,0.5,0.0,51.0,7.5
2.1106107,0.0,0.5,0.0,51.0,7.5
2.114114,0.0,0.5,0.0,51.0,7.5
2.1176176,0.0,0.5,0.0,51.0,7.5
2.1211212,0.0,0.5,0.0,51.0,7.5
2.1246247,0.0,0.5,0.0,51.0,7.5
2.128128,0.0,0.5,0.0,51.0,7.5
2.1316316,0.0,0.5,0.0,51.0,7.5
2.1351352,0.0,0.5,0.0,51.0,7.5
2.1386387,0.0,0.5,0.0,51.0,7.5
2.142142,0.0,0.5,0.0,51.0,7.5
2.1456456,0.0,0.5,0.0,51.0,7.5
2.1491492,0.0,0.5,0.0,51.0,7.5
2.1526527,0.0,0.5,0.0,51.0,7.5
2.156156,0.0,0.5,0.0,51.0,7.5
2.1596596,0.0,0.5,0.0,51.0,7.5
2.1631632,0.0,0.5,0.0,51.0,7.5
2.1666667,0.0,0.5,0.0,51.0,7.5
2.17017,0.0,0.5,0.0,51.0,7.5
2.1736736,0.0,0.5,0.0,51.0,7.5
2.1771772,0.0,0.5,0.0,51.0,7.5
2.1806808,0.0,0.5,0.0,51.0,7.5
2.184184,0.0,0.5,0.0,51.0,7.5
2.1876876,0.0,0.5,0.0,51.0,7.5
2.1911912,0.0,0.5,0.0,51.0,7.5
2.1946948,0.0,0.5,0.0,51.0,7.5
2.198198,0.0,0.5,0.0,51.0,7.5
2.2017016,0.0,0.5,0.0,51.0,7.5
2.2052052,0.0,0.5,0.0,51.0,7.5
2.2087088,0.0,0.5,0.0,51.0,7.5
2.2122123,0.0,0.5,0.0,51.0,7.5
2.2157156,0.0,0.5,0.0,51.0,7.5
2.2192192,0.0,0.5,0.0,51.0,7.5
2.2227228,0.0,0.5,0.0,51.0,7.5
2.2262263,0.0,0.5,0.0,51.0,7.5
2.2297297,0.0,0.5,0.0,51.0,7.5
2.2332332,0.0,0.5,0.0,51.0,7.5
2.2367368,0.0,0.5,0.0,51.0,7.5
2.2402403,0.0,0.5,0.0,51.0,7.5
2.2437437,0.0,0.5,0.0,51.0,7.5
2.2472472,0.0,0.5,0.0,51.0,7.5
2.2507508,0.0,0.5,0.0,51.0,7.5
2.2542543,0.0,0.5,0.0,51.0,7.5
2.2577577,0.0,0.5,0.0,51.0,7.5
2.2612612,0.0,0.5,0.0,51.0,7.5
2.2647648,0.0,0.5,0.0,51.0,7.5
2.2682683,0.0,0.5,0.0,51.0,7.5
2.2717717,0.0,0.5,0.0,51.0,7.5
2.2752752,0.0,0.5,0.0,51.0,7.5
2.2787788,0.0,0.5,0.0,51.0,7.5
2.2822824,0.0,0.5,0.0,51.0,7.5
2.2857857,0.0,0.5,0.0,51.0,7.5
2.2892892,0.0,0.5,0.0,51.0,7.5
2.2927928,0.0,0.5,0.0,51.0,7.5
2.2962964,0.0,0.5,0.0,51.0,7.5
2.2997997,0.0,0.5,0.0,51.0,7.5
2.3033032,0.0,0.5,0.0,51.0,7.5
2.3068068,0.0,0.5,0.0,51.0,7.5
2.3103104,0.0,0.5,0.0,51.0,7.5
2.313814,0.0,0.5,0.0,51.0,7.5
2.3173172,0.0,0.5,0.0,51.0,7.5
2.3208208,0.0,0.5,0.0,51.0,7.5
2.3243244,0.0,0.5,0.0,51.0,7.5
2.327828,0.0,0.5,0.0,51.0,7.5
2.3313313,0.0,0.5,0.0,51.0,7.5
2.3348348,0.0,0.5,0.0,51.0,7.5
2.3383384,0.0,0.5,0.0,51.0,7.5
2.341842,0.0,0.5,0.0,51.0,7.5
2.3453453,0.0,0.5,0.0,51.0,7.5
2.3488488,0.0,0.5,0.0,51.0,7.5
2.3523524,0.0,0.5,0.0,51.0,7.5
2.355856,0.0,0.5,0.0,51.0,7.5
2.3593593,0.0,0.5,0.0,51.0,7.5
2.3628628,0.0,0.5,0.0,51.0,7.5
2.3663664,0.0,0.5,0.0,51.0,7.5
2.36987,0.0,0.5,0.0,51.0,7.5
2.3733733,0.0,0.5,0.0,51.0,7.5
2.3768768,0.0,0.5,0.0,51.0,7.5
2.3803804,0.0,0.5,0.0,51.0,7.5
2.383884,0.0,0.5,0.0,51.0,7.5
2.3873873,0.0,0.5,0.0,51.0,7.5
2.3908908,0.0,0.5,0.0,51.0,7.5
2.3943944,0.0,0.5,0.0,51.0,7.5
2.397898,0.0,0.5,0.0,51.0,7.5
2.4014015,0.0,0.5,0.0,51.0,7.5
2.4049048,0.0,0.5,0.0,51.0,7.5
2.4084084,0.0,0.5,0.0,51.0,7.5
2.411912,0.0,0.5,0.0,51.0,7.5
2.4154155,0.0,0.5,0.0,51.0,7.5
2.4189188,0.0,0.5,0.0,51.0,7.5
2.4224224,0.0,0.5,0.0,51.0,7.5
2.425926,0.0,0.5,0.0,51.0,7.5
2.4294295,0.0,0.5,0.0,51.0,7.5
2.4329329,0.0,0.5,0.0,51.0,7.5
2.4364364,0.0,0.5,0.0,51.0,7.5
2.43994,0.0,0.5,0.0,51.0,7.5
2.4434435,0.0,0.5,0.0,51.0,7.5
2.4469469,0.0,0.5,0.0,51.0,7.5
2.4504504,0.0,0.5,0.0,51.0,7.5
2.453954,0.0,0.5,0.0,51.0,7.5
2.4574575,0.0,0.5,0.0,51.0,7.5
2.4609609,0.0,0.5,0.0,51.0,7.5
2.4644644,0.0,0.5,0.0,51.0,7.5
2.467968,0.0,0.5,0.0,51.0,7.5
2.4714715,0.0,0.5,0.0,51.0,7.5
2.4749749,0.0,0.5,0.0,51.0,7.5
2.4784784,0.0,0.5,0.0,51.0,7.5
2.481982,0.0,0.5,0.0,51.0,7.5
2.4854856,0.0,0.5,0.0,51.0,7.5
2.4889889,0.0,0.5,0.0,51.0,7.5
2.4924924,0.0,0.5,0.0,51.0,7.5
2.495996,0.0,0.5,0.0,51.0,7.5
2.4994996,0.0,0.5,0.0,51.0,7.5
2.5030031,0.0,0.5,0.0,51.0,7.5
2.5065064,0.0,0.5,0.0,51.0,7.5
2.51001,0.0,0.5,0.0,51.0,7.5
2.5135136,0.0,0.5,0.0,51.0,7.5
2.5170171,0.0,0.5,0.0,51.0,7.5
2.5205204,0.0,0.5,0.0,51.0,7.5
2.524024,0.0,0.5,0.0,51.0,7.5
2.5275276,0.0,0.5,0.0,51.0,7.5
2.5310311,0.0,0.5,0.0,51.0,7.5
2.5345345,0.0,0.5,0.0,51.0,7.5
2.538038,0.0,0.5,0.0,51.0,7.5
2.5415416,0.0,0.5,0.0,51.0,7.5
2.5450451,0.0,0.5,0.0,51.0,7.5
2.5485485,0.0,0.5,0.0,51.0,7.5
2.552052,0.0,0.5,0.0,51.0,7.5
2.5555556,0.0,0.5,0.0,51.0,7.5
2.5590591,0.0,0.5,0.0,51.0,7.5
2.5625625,0.0,0.5,0.0,51.0,7.5
2.566066,0.0,0.5,0.0,51.0,7.5
2.5695696,0.0,0.5,0.0,51.0,7.5
2.5730731,0.0,0.5,0.0,51.0,7.5
2.5765765,0.0,0.5,0.0,51.0,7.5
2.58008,0.0,0.5,0.0,51.0,7.5
2.5835836,0.0,0.5,0.0,51.0,7.5
2.5870872,0.0,0.5,0.0,51.0,7.5
2.5905905,0.0,0.5,0.0,51.0,7.5
2.594094,0.0,0.5,0.0,51.0,7.5
2.5975976,0.0,0.5,0.0,51.0,7.5
2.6011012,0.0,0.5,0.0,51.0,7.5
2.6046047,0.0,0.5,0.0,51.0,7.5
2.608108,0.0,0.5,0.0,51.0,7.5
2.6116116,0.0,0.5,0.0,51.0,7.5
2.6151152,0.0,0.5,0.0,51.0,7.5
2.6186187,0.0,0.5,0.0,51.0,7.5
2.622122,0.0,0.5,0.0,51.0,7.5
2.6256256,0.0,0.5,0.0,51.0,7.5
2.6291292,0.0,0.5,0.0,51.0,7.5
2.6326327,0.0,0.5,0.0,51.0,7.5
2.636136,0.0,0.5,0.0,51.0,7.5
2.6396396,0.0,0.5,0.0,51.0,7.5
2.6431432,0.0,0.5,0.0,51.0,7.5
2.6466467,0.0,0.5,0.0,51.0,7.5
2.65015,0.0,0.5,0.0,51.0,7.5
2.6536536,0.0,0.5,0.0,51.0,7.5
2.6571572,0.0,0.5,0.0,51.0,7.5
2.6606607,0.0,0.5,0.0,51.0,7.5
2.664164,0.0,0.5,0.0,51.0,7.5
2.6676676,0.0,0.5,0.0,51.0,7.5
2.6711712,0.0,0.5,0.0,51.0,7.5
2.6746747,0.0,0.5,0.0,51.0,7.5
2.678178,0.0,0.5,0.0,51.0,7.5
2.6816816,0.0,0.5,0.0,51.0,7.5
2.6851852,0.0,0.5,0.0,51.0,7.5
2.6886888,0.0,0.5,0.0,51.0,7.5
2.692192,0.0,0.5,0.0,51.0,7.5
2.6956956,0.0,0.5,0.0,51.0,7.5
2.6991992,0.0,0.5,0.0,51.0,7.5
2.7027028,0.0,0.5,0.0,51.0,7.5
2.7062063,0.0,0.5,0.0,51.0,7.5
2.7097096,0.0,0.5,0.0,51.0,7.5
2.7132132,0.0,0.5,0.0,51.0,7.5
2.7167168,0.0,0.5,0.0,51.0,7.5
2.7202203,0.0,0.5,0.0,51.0,7.5
2.7237236,0.0,0.5,0.0,51.0,7.5
2.7272272,0.0,0.5,0.0,51.0,7.5
2.7307308,0.0,0.5,0.0,51.0,7.5
2.7342343,0.0,0.5,0.0,51.0,7.5
2.7377377,0.0,0.5,0.0,51.0,7.5
2.7412412,0.0,0.5,0.0,51.0,7.5
2.7447448,0.0,0.5,0.0,51.0,7.5
2.7482483,0.0,0.5,0.0,51.0,7.5
2.7517517,0.0,0.5,0.0,51.0,7.5
2.7552552,0.0,0.5,0.0,51.0,4.5
2.7587588,0.0,0.5,0.0,51.0,4.5
2.7622623,0.0,0.5,0.0,51.0,4.5
2.7657657,0.0,0.5,0.0,51.0,4.5
2.7692692,0.0,0.5,0.0,51.0,4.5
2.7727728,0.0,0.5,0.0,51.0,4.5
2.7762764,0.0,0.5,0.0,51.0,4.5
2.7797797,0.0,0.5,0.0,51.0,4.5
2.7832832,0.0,0.5,0.0,51.0,4.5
2.7867868,0.0,0.5,0.0,51.0,4.5
2.7902904,0.0,0.5,0.0,51.0,4.5
2.7937937,0.0,0.5,0.0,51.0,4.5
2.7972972,0.0,0.5,0.0,51.0,4.5
2.8008008,0.0,0.5,0.0,51.0,4.5
2.8043044,0.0,0.5,0.0,51.0,4.5
2.807808,0.0,0.5,0.0,51.0,4.5
2.8113112,0.0,0.5,0.0,51.0,4.5
2.8148148,0.0,0.5,0.0,51.0,4.5
2.8183184,0.0,0.5,0.0,51.0,4.5
2.821822,0.0,0.5,0.0,51.0,4.5
2.8253253,0.0,0.5,0.0,51.0,4.5
2.8288288,0.0,0.5,0.0,51.0,4.5
2.8323324,0.0,0.5,0.0,51.0,4.5
2.835836,0.0,0.5,0.0,51.0,4.5
2.8393393,0.0,0.5,0.0,51.0,4.5
2.8428428,0.0,0.5,0.0,51.0,4.5
2.8463464,0.0,0.5,0.0,51.0,4.5
2.84985,0.0,0.5,0.0,51.0,4.5
2.8533533,0.0,0.5,0.0,51.0,4.5
2.8568568,0.0,0.5,0.0,51.0,4.5
2.8603604,0.0,0.5,0.0,51.0,4.5
2.863864,0.0,0.5,0.0,51.0,4.5
2.8673673,0.0,0.5,0.0,51.0,4.5
2.8708708,0.0,0.5,0.0,51.0,4.5
2.8743744,0.0,0.5,0.0,51.0,4.5
2.877878,0.0,0.5,0.0,51.0,4.5
2.8813813,0.0,0.5,0.0,51.0,4.5
2.8848848,0.0,0.5,0.0,51.0,4.5
2.8883884,0.0,0.5,0.0,51.0,4.5
2.891892,0.0,0.5,0.0,51.0,4.5
2.8953953,0.0,0.5,0.0,51.0,4.5
2.8988988,0.0,0.5,0.0,51.0,4.5
2.9024024,0.0,0.5,0.0,51.0,4.5
2.905906,0.0,0.5,0.0,51.0,4.5
2.9094095,0.0,0.5,0.0,51.0,4.5
2.9129128,0.0,0.5,0.0,51.0,4.5
2.9164164,0.0,0.5,0.0,51.0,4.5
2.91992,0.0,0.5,0.0,51.0,4.5
2.9234235,0.0,0.5,0.0,51.0,4.5
2.9269269,0.0,0.5,0.0,51.0,4.5
2.9304304,0.0,0.5,0.0,51.0,4.5
2.933934,0.0,0.5,0.0,51.0,4.5
2.9374375,0.0,0.5,0.0,51.0,4.5
2.9409409,0.0,0.5,0.0,51.0,4.5
2.9444444,0.0,0.5,0.0,51.0,4.5
2.947948,0.0,0.5,0.0,51.0,4.5
2.9514515,0.0,0.5,0.0,51.0,4.5
2.9549549,0.0,0.5,0.0,51.0,4.5
2.9584584,0.0,0.5,0.0,51.0,4.5
2.961962,0.0,0.5,0.0,51.0,4.5
2.9654655,0.0,0.5,0.0,51.0,4.5
2.9689689,0.0,0.5,0.0,51.0,4.5
2.9724724,0.0,0.5,0.0,51.0,4.5
2.975976,0.0,0.5,0.0,51.0,4.5
2.9794796,0.0,0.5,0.0,51.0,4.5
2.9829829,0.0,0.5,0.0,51.0,4.5
2.9864864,0.0,0.5,0.0,51.0,4.5
2.98999,0.0,0.5,0.0,51.0,4.5
2.9934936,0.0,0.5,0.0,51.0,4.5
2.9969969,0.0,0.5,0.0,51.0,4.5
3.0005004,0.0,0.5,0.0,51.0,4.5
3.004004,0.0,0.5,0.0,51.0,4.5
3.0075076,0.0,0.5,0.0,51.0,4.5
3.0110111,0.0,0.5,0.0,51.0,4.5
3.0145144,0.0,0.5,0.0,51.0,4.5
3.018018,0.0,0.5,0.0,51.0,4.5
3.0215216,0.0,0.5,0.0,51.0,4.5
3.0250251,0.0,0.5,0.0,51.0,4.5
3.0285285,0.0,0.5,0.0,51.0,4.5
3.032032,0.0,0.5,0.0,51.0,4.5
3.0355356,0.0,0.5,0.0,51.0,4.5
3.0390391,0.0,0.5,0.0,51.0,4.5
3.0425425,0.0,0.5,0.0,51.0,4.5
3.046046,0.0,0.5,0.0,51.0,4.5
3.0495496,0.0,0.5,0.0,51.0,4.5
3.0530531,0.0,0.5,0.0,51.0,4.5
3.0565565,0.0,0.5,0.0,51.0,4.5
3.06006,0.0,0.5,0.0,51.0,4.5
3.0635636,0.0,0.5,0.0,51.0,4.5
3.0670671,0.0,0.5,0.0,51.0,4.5
3.0705705,0.0,0.5,0.0,51.0,4.5
3.074074,0.0,0.5,0.0,51.0,4.5
3.0775776,0.0,0.5,0.0,51.0,4.5
3.0810812,0.0,0.5,0.0,51.0,4.5
3.0845845,0.0,0.5,0.0,51.0,4.5
3.088088,0.0,0.5,0.0,51.0,4.5
3.0915916,0.0,0.5,0.0,51.0,4.5
3.0950952,0.0,0.5,0.0,51.0,4.5
3.0985985,0.0,0.5,0.0,51.0,4.5
3.102102,0.0,0.5,0.0,51.0,4.5
3.1056056,0.0,0.5,0.0,51.0,4.5
3.1091092,0.0,0.5,0.0,51.0,4.5
3.1126127,0.0,0.5,0.0,51.0,4.5
3.116116,0.0,0.5,0.0,51.0,4.5
3.1196196,0.0,0.5,0.0,51.0,0.0
3.1231232,0.0,0.5,0.0,51.0,0.0
3.1266267,0.0,0.5,0.0,51.0,0.0
3.13013,0.0,0.5,0.0,51.0,0.0
3.1336336,0.0,0.5,0.0,51.0,0.0
3.1371372,0.0,0.5,0.0,51.0,0.0
3.1406407,0.0,0.5,0.0,51.0,0.0
3.144144,0.0,0.5,0.0,51.0,0.0
3.1476476,0.0,0.5,0.0,51.0,0.0
3.1511512,0.0,0.5,0.0,51.0,0.0
3.1546547,0.0,0.5,0.0,51.0,0.0
3.158158,0.0,0.5,0.0,51.0,0.0
3.1616616,0.0,0.5,0.0,51.0,0.0
3.1651652,0.0,0.5,0.0,51.0,0.0
3.1686687,0.0,0.5,0.0,51.0,0.0
3.172172,0.0,0.5,0.0,51.0,0.0
3.1756756,0.0,0.5,0.0,51.0,0.0
3.1791792,0.0,0.5,0.0,51.0,0.0
3.1826828,0.0,0.5,0.0,51.0,0.0
3.186186,0.0,0.5,0.0,51.0,0.0
3.1896896,0.0,0.5,0.0,51.0,0.0
3.1931932,0.0,0.5,0.0,51.0,0.0
3.1966968,0.0,0.5,0.0,51.0,0.0
3.2002003,0.0,0.5,0.0,51.0,0.0
3.2037036,0.0,0.5,0.0,51.0,0.0
3.2072072,0.0,0.5,0.0,51.0,0.0
3.2107108,0.0,0.5,0.0,51.0,0.0
3.2142143,0.0,0.5,0.0,51.0,0.0
3.2177176,0.0,0.5,0.0,51.0,0.0
3.2212212,0.0,0.5,0.0,51.0,0.0
3.2247248,0.0,0.5,0.0,51.0,0.0
3.2282283,0.0,0.5,0.0,51.0,0.0
3.2317317,0.0,0.5,0.0,51.0,0.0
3.2352352,0.0,0.5,0.0,51.0,0.0
3.2387388,0.0,0.5,0.0,51.0,0.0
3.2422423,0.0,0.5,0.0,51.0,0.0
3.2457457,0.0,0.5,0.0,51.0,0.0
3.2492492,0.0,0.5,0.0,51.0,0.0
3.2527528,0.0,0.5,0.0,51.0,0.0
3.2562563,0.0,0.5,0.0,51.0,0.0
3.2597597,0.0,0.5,0.0,51.0,0.0
3.2632632,0.0,0.5,0.0,51.0,0.0
3.2667668,0.0,0.5,0.0,51.0,0.0
3.2702703,0.0,0.5,0.0,51.0,0.0
3.2737737,0.0,0.5,0.0,51.0,0.0
3.2772772,0.0,0.5,0.0,51.0,0.0
3.2807808,0.0,0.5,0.0,51.0,0.0
3.2842844,0.0,0.5,0.0,51.0,0.0
3.2877877,0.0,0.5,0.0,51.0,0.0
3.2912912,0.0,0.5,0.0,51.0,0.0
3.2947948,0.0,0.5,0.0,51.0,0.0
3.2982984,0.0,0.5,0.0,51.0,0.0
3.301802,0.0,0.5,0.0,51.0,0.0
3.3053052,0.0,0.5,0.0,51.0,0.0
3.3088088,0.0,0.5,0.0,51.0,0.0
3.3123124,0.0,0.5,0.0,51.0,0.0
3.315816,0.0,0.5,0.0,51.0,0.0
3.3193192,0.0,0.5,0.0,51.0,0.0
3.3228228,0.0,0.5,0.0,51.0,0.0
3.3263264,0.0,0.5,0.0,51.0,0.0
3.32983,0.0,0.5,0.0,51.0,0.0
3.3333333,0.0,0.5,0.0,51.0,0.0
3.3368368,0.0,0.5,0.0,51.0,0.0
3.3403404,0.0,0.5,0.0,51.0,0.0
3.343844,0.0,0.5,0.0,51.0,0.0
3.3473473,0.0,0.5,0.0,51.0,0.0
3.3508508,0.0,0.5,0.0,51.0,0.0
3.3543544,0.0,0.5,0.0,51.0,0.0
3.357858,0.0,0.5,0.0,51.0,0.0
3.3613613,0.0,0.5,0.0,51.0,0.0
3.3648648,0.0,0.5,0.0,51.0,0.0
3.3683684,0.0,0.5,0.0,51.0,0.0
3.371872,0.0,0.5,0.0,51.0,0.0
3.3753753,0.0,0.5,0.0,51.0,0.0
3.3788788,0.0,0.5,0.0,51.0,0.0
3.3823824,0.0,0.5,0.0,51.0,0.0
3.385886,0.0,0.5,0.0,51.0,0.0
3.3893893,0.0,0.5,0.0,51.0,0.0
3.3928928,0.0,0.5,0.0,51.0,0.0
3.3963964,0.0,0.5,0.0,51.0,0.0
3.3999,0.0,0.5,0.0,51.0,0.0
3.4034035,0.0,0.5,0.0,51.0,0.0
3.4069068,0.0,0.5,0.0,51.0,0.0
3.4104104,0.0,0.5,0.0,51.0,0.0
3.413914,0.0,0.5,0.0,51.0,0.0
3.4174175,0.0,0.5,0.0,51.0,0.0
3.4209208,0.0,0.5,0.0,51.0,0.0
3.4244244,0.0,0.5,0.0,51.0,0.0
3.427928,0.0,0.5,0.0,51.0,0.0
3.4314315,0.0,0.5,0.0,51.0,0.0
3.4349349,0.0,0.5,0.0,51.0,0.0
3.4384384,0.0,0.5,0.0,51.0,0.0
3.441942,0.0,0.5,0.0,51.0,0.0
3.4454455,0.0,0.5,0.0,51.0,0.0
3.4489489,0.0,0.5,0.0,51.0,0.0
3.4524524,0.0,0.5,0.0,51.0,0.0
3.455956,0.0,0.5,0.0,51.0,0.0
3.4594595,0.0,0.5,0.0,51.0,0.0
3.4629629,0.0,0.5,0.0,51.0,0.0
3.4664664,0.0,0.5,0.0,51.0,0.0
3.46997,0.0,0.5,0.0,51.0,0.0
3.4734735,0.0,0.5,0.0,51.0,0.0
3.4769769,0.0,0.5,0.0,51.0,0.0
3.4804804,0.0,0.5,0.0,51.0,0.0
3.483984,0.0,0.5,0.0,51.0,0.0
3.4874876,0.0,0.5,0.0,51.0,0.0
3.4909909,0.0,0.5,0.0,51.0,0.0
3.4944944,0.0,0.5,0.0,51.0,0.0
3.497998,0.0,0.5,0.0,51.0,0.0
3.5015016,0.0,0.5,0.0,51.0,0.0
3.5050051,0.0,0.5,0.0,51.0,0.0
3.5085084,0.0,0.5,0.0,51.0,0.0
3.512012,0.0,0.5,0.0,51.0,0.0
3.5155156,0.0,0.5,0.0,51.0,0.0
3.5190191,0.0,0.5,0.0,51.0,0.0
3.5225224,0.0,0.5,0.0,51.0,0.0
3.526026,0.0,0.5,0.0,51.0,0.0
3.5295296,0.0,0.5,0.0,51.0,0.0
3.5330331,0.0,0.5,0.0,51.0,0.0
3.5365365,0.0,0.5,0.0,51.0,0.0
3.54004,0.0,0.5,0.0,51.0,0.0
3.5435436,0.0,0.5,0.0,51.0,0.0
3.5470471,0.0,0.5,0.0,51.0,0.0
3.5505505,0.0,0.5,0.0,51.0,0.0
3.554054,0.0,0.5,0.0,51.0,0.0
3.5575576,0.0,0.5,0.0,51.0,0.0
3.5610611,0.0,0.5,0.0,51.0,0.0
3.5645645,0.0,0.5,0.0,51.0,0.0
3.568068,0.0,0.5,0.0,51.0,0.0
3.5715716,0.0,0.5,0.0,51.0,0.0
3.5750751,0.0,0.5,0.0,51.0,0.0
3.5785785,0.0,0.5,0.0,51.0,0.0
3.582082,0.0,0.5,0.0,51.0,0.0
3.5855856,0.0,0.5,0.0,51.0,0.0
3.5890892,0.0,0.5,0.0,51.0,0.0
3.5925925,0.0,0.5,0.0,51.0,0.0
3.596096,0.0,0.5,0.0,51.0,0.0
3.5995996,0.0,0.5,0.0,51.0,0.0
3.6031032,0.0,0.5,0.0,51.0,0.0
3.6066067,0.0,0.5,0.0,51.0,0.0
3.61011,0.0,0.5,0.0,51.0,0.0
3.6136136,0.0,0.5,0.0,51.0,0.0
3.6171172,0.0,0.5,0.0,51.0,0.0
3.6206207,0.0,0.5,0.0,51.0,0.0
3.624124,0.0,0.5,0.0,51.0,0.0
3.6276276,0.0,0.5,0.0,51.0,0.0
3.6311312,0.0,0.5,0.0,51.0,0.0
3.6346347,0.0,0.5,0.0,51.0,0.0
3.638138,0.0,0.5,0.0,51.0,0.0
3.6416416,0.0,0.5,0.0,51.0,0.0
3.6451452,0.0,0.5,0.0,51.0,0.0
3.6486487,0.0,0.5,0.0,51.0,0.0
3.652152,0.0,0.5,0.0,51.0,0.0
3.6556556,0.0,0.5,0.0,51.0,0.0
3.6591592,0.0,0.5,0.0,51.0,0.0
3.6626627,0.0,0.5,0.0,51.0,0.0
3.666166,0.0,0.5,0.0,51.0,0.0
3.6696696,0.0,0.5,0.0,51.0,0.0
3.6731732,0.0,0.5,0.0,51.0,0.0
3.6766768,0.0,0.5,0.0,51.0,0.0
3.68018,0.0,0.5,0.0,51.0,0.0
3.6836836,0.0,0.5,0.0,51.0,0.0
3.6871872,0.0,0.5,0.0,51.0,0.0
3.6906908,0.0,0.5,0.0,51.0,0.0
3.694194,0.0,0.5,0.0,51.0,0.0
3.6976976,0.0,0.5,0.0,51.0,0.0
3.7012012,0.0,0.5,0.0,51.0,0.0
3.7047048,0.0,0.5,0.0,51.0,0.0
3.7082083,0.0,0.5,0.0,51.0,0.0
3.7117116,0.0,0.5,0.0,51.0,0.0
3.7152152,0.0,0.5,0.0,51.0,0.0
3.7187188,0.0,0.5,0.0,51.0,0.0
3.7222223,0.0,0.5,0.0,51.0,0.0
3.7257257,0.0,0.5,0.0,51.0,0.0
3.7292292,0.0,0.5,0.0,51.0,0.0
3.7327328,0.0,0.5,0.0,51.0,0.0
3.7362363,0.0,0.5,0.0,51.0,0.0
3.7397397,0.0,0.5,0.0,51.0,0.0
3.7432432,0.0,0.5,0.0,51.0,0.0
3.7467468,0.0,0.5,0.0,51.0,0.0
3.7502503,0.0,0.5,0.0,51.0,0.0
3.7537537,0.0,0.5,0.0,51.0,0.0
3.7572572,0.0,0.5,0.0,51.0,0.0
3.7607608,0.0,0.5,0.0,51.0,0.0
3.7642643,0.0,0.5,0.0,51.0,0.0
3.7677677,0.0,0.5,0.0,51.0,0.0
3.7712712,0.0,0.5,0.0,51.0,0.0
3.7747748,0.0,0.5,0.0,51.0,0.0
3.7782784,0.0,0.5,0.0,51.0,0.0
3.7817817,0.0,0.5,0.0,51.0,0.0
3.7852852,0.0,0.5,0.0,51.0,0.0
3.7887888,0.0,0.5,0.0,51.0,0.0
3.7922924,0.0,0.5,0.0,51.0,0.0
3.7957957,0.0,0.5,0.0,51.0,0.0
3.7992992,0.0,0.5,0.0,51.0,0.0
3.8028028,0.0,0.5,0.0,51.0,0.0
3.8063064,0.0,0.5,0.0,51.0,0.0
3.80981,0.0,0.5,0.0,51.0,0.0
3.8133132,0.0,0.5,0.0,51.0,0.0
3.8168168,0.0,0.5,0.0,51.0,0.0
3.8203204,0.0,0.5,0.0,51.0,0.0
3.823824,0.0,0.5,0.0,51.0,0.0
3.8273273,0.0,0.5,0.0,51.0,0.0
3.8308308,0.0,0.5,0.0,51.0,0.0
3.8343344,0.0,0.5,0.0,51.0,0.0
3.837838,0.0,0.5,0.0,51.0,0.0
3.8413413,0.0,0.5,0.0,51.0,0.0
3.8448448,0.0,0.5,0.0,51.0,0.0
3.8483484,0.0,0.5,0.0,51.0,0.0
3.851852,0.0,0.5,0.0,51.0,0.0
3.8553553,0.0,0.5,0.0,51.0,0.0
3.8588588,0.0,0.5,0.0,51.0,0.0
3.8623624,0.0,0.5,0.0,51.0,0.0
3.865866,0.0,0.5,0.0,51.0,0.0
3.8693693,0.0,0.5,0.0,51.0,0.0
3.8728728,0.0,0.5,0.0,51.0,0.0
3.8763764,0.0,0.5,0.0,51.0,0.0
3.87988,0.0,0.5,0.0,51.0,0.0
3.8833833,0.0,0.5,0.0,51.0,0.0
3.8868868,0.0,0.5,0.0,51.0,0.0
3.8903904,0.0,0.5,0.0,51.0,0.0
3.893894,0.0,0.5,0.0,51.0,0.0
3.8973973,0.0,0.5,0.0,51.0,0.0
3.9009008,0.0,0.5,0.0,51.0,0.0
3.9044044,0.0,0.5,0.0,51.0,0.0
3.907908,0.0,0.5,0.0,51.0,0.0
3.9114115,0.0,0.5,0.0,51.0,0.0
3.9149148,0.0,0.5,0.0,51.0,0.0
3.9184184,0.0,0.5,0.0,51.0,0.0
3.921922,0.0,0.5,0.0,51.0,0.0
3.9254255,0.0,0.5,0.0,51.0,0.0
3.9289289,0.0,0.5,0.0,51.0,0.0
3.9324324,0.0,0.5,0.0,51.0,0.0
3.935936,0.0,0.5,0.0,51.0,0.0
3.9394395,0.0,0.5,0.0,51.0,0.0
3.9429429,0.0,0.5,0.0,51.0,0.0
3.9464464,0.0,0.5,0.0,51.0,0.0
3.94995,0.0,0.5,0.0,51.0,0.0
3.9534535,0.0,0.5,0.0,51.0,0.0
3.9569569,0.0,0.5,0.0,51.0,0.0
3.9604604,0.0,0.5,0.0,51.0,0.0
3.963964,0.0,0.5,0.0,51.0,0.0
3.9674675,0.0,0.5,0.0,51.0,0.0
3.9709709,0.0,0.5,0.0,51.0,0.0
3.9744744,0.0,0.5,0.0,51.0,0.0
3.977978,0.0,0.5,0.0,51.0,0.0
3.9814816,0.0,0.5,0.0,51.0,0.0
3.9849849,0.0,0.5,0.0,51.0,0.0
3.9884884,0.0,0.5,0.0,51.0,0.0
3.991992,0.0,0.5,0.0,51.0,0.0
3.9954956,0.0,0.5,0.0,51.0,0.0
3.9989989,0.0,0.5,0.0,51.0,0.0
4.0025024,0.0,0.5,0.0,51.0,0.0
4.0060062,0.0,0.5,0.0,51.0,0.0
4.0095096,0.0,0.5,0.0,51.0,0.0
4.013013,0.0,0.5,0.0,51.0,0.0
4.0165167,0.0,0.5,0.0,51.0,0.0
4.02002,0.0,0.5,0.0,51.0,0.0
4.0235233,0.0,0.5,0.0,51.0,0.0
4.027027,0.0,0.5,0.0,51.0,0.0
4.0305305,0.0,0.5,0.0,51.0,0.0
4.0340343,0.0,0.5,0.0,51.0,0.0
4.0375376,0.0,0.5,0.0,51.0,0.0
4.041041,0.0,0.5,0.0,51.0,0.0
4.0445447,0.0,0.5,0.0,51.0,0.0
4.048048,0.0,0.5,0.0,51.0,0.0
4.0515513,0.0,0.5,0.0,51.0,0.0
4.055055,0.0,0.5,0.0,51.0,0.0
4.0585585,0.0,0.5,0.0,51.0,0.0
4.0620623,0.0,0.5,0.0,51.0,0.0
4.0655656,0.0,0.5,0.0,51.0,0.0
4.069069,0.0,0.5,0.0,51.0,0.0
4.0725727,0.0,0.5,0.0,51.0,0.0
4.076076,0.0,0.5,0.0,51.0,0.0
4.0795794,0.0,0.5,0.0,51.0,0.0
4.083083,0.0,0.5,0.0,51.0,0.0
4.0865865,0.0,0.5,0.0,51.0,0.0
4.0900903,0.0,0.5,0.0,51.0,0.0
4.0935936,0.0,0.5,0.0,51.0,0.0
4.097097,0.0,0.5,0.0,51.0,0.0
4.1006007,0.0,0.5,0.0,51.0,0.0
4.104104,0.0,0.5,0.0,51.0,0.0
4.107608,0.0,0.5,0.0,51.0,0.0
4.111111,0.0,0.5,0.0,51.0,0.0
4.1146145,0.0,0.5,0.0,51.0,0.0
4.1181183,0.0,0.5,0.0,51.0,0.0
4.1216216,0.0,0.5,0.0,51.0,0.0
4.125125,0.0,0.5,0.0,51.0,0.0
4.1286287,0.0,0.5,0.0,51.0,0.0
4.132132,0.0,0.5,0.0,51.0,0.0
4.135636,0.0,0.5,0.0,51.0,0.0
4.139139,0.0,0.5,0.0,51.0,0.0
4.1426425,0.0,0.5,0.0,51.0,0.0
4.1461463,0.0,0.5,0.0,51.0,0.0
4.1496496,0.0,0.5,0.0,51.0,0.0
4.153153,0.0,0.5,0.0,51.0,0.0
4.1566567,0.0,0.5,0.0,51.0,0.0
4.16016,0.0,0.5,0.0,51.0,0.0
4.163664,0.0,0.5,0.0,51.0,0.0
4.167167,0.0,0.5,0.0,51.0,0.0
4.1706705,0.0,0.5,0.0,51.0,0.0
4.1741743,0.0,0.5,0.0,51.0,0.0
4.1776776,0.0,0.5,0.0,51.0,0.0
4.181181,0.0,0.5,0.0,51.0,0.0
4.1846848,0.0,0.5,0.0,51.0,0.0
4.188188,0.0,0.5,0.0,51.0,0.0
4.191692,0.0,0.5,0.0,51.0,0.0
4.195195,0.0,0.5,0.0,51.0,0.0
4.1986985,0.0,0.5,0.0,51.0,0.0
4.2022023,0.0,0.5,0.0,51.0,0.0
4.2057056,0.0,0.5,0.0,51.0,0.0
4.2092094,0.0,0.5,0.0,51.0,0.0
4.212713,0.0,0.5,0.0,51.0,0.0
4.216216,0.0,0.5,0.0,51.0,0.0
4.21972,0.0,0.5,0.0,51.0,0.0
4.223223,0.0,0.5,0.0,51.0,0.0
4.2267265,0.0,0.5,0.0,51.0,0.0
4.2302303,0.0,0.5,0.0,51.0,0.0
4.2337337,0.0,0.5,0.0,51.0,0.0
4.2372375,0.0,0.5,0.0,51.0,0.0
4.240741,0.0,0.5,0.0,51.0,0.0
4.244244,0.0,0.5,0.0,51.0,0.0
4.247748,0.0,0.5,0.0,51.0,0.0
4.251251,0.0,0.5,0.0,51.0,0.0
4.2547545,0.0,0.5,0.0,51.0,0.0
4.2582583,0.0,0.5,0.0,51.0,0.0
4.2617617,0.0,0.5,0.0,51.0,0.0
4.2652655,0.0,0.5,0.0,51.0,0.0
4.268769,0.0,0.5,0.0,51.0,0.0
4.272272,0.0,0.5,0.0,51.0,0.0
4.275776,0.0,0.5,0.0,51.0,0.0
4.279279,0.0,0.5,0.0,51.0,0.0
4.2827826,0.0,0.5,0.0,51.0,0.0
4.2862864,0.0,0.5,0.0,51.0,0.0
4.2897897,0.0,0.5,0.0,51.0,0.0
4.2932935,0.0,0.5,0.0,51.0,0.0
4.296797,0.0,0.5,0.0,51.0,0.0
4.3003,0.0,0.5,0.0,51.0,0.0
4.303804,0.0,0.5,0.0,51.0,0.0
4.3073072,0.0,0.5,0.0,51.0,0.0
4.310811,0.0,0.5,0.0,51.0,0.0
4.3143144,0.0,0.5,0.0,51.0,0.0
4.3178177,0.0,0.5,0.0,51.0,0.0
4.3213215,0.0,0.5,0.0,51.0,0.0
4.324825,0.0,0.5,0.0,51.0,0.0
4.328328,0.0,0.5,0.0,51.0,0.0
4.331832,0.0,0.5,0.0,51.0,0.0
4.3353353,0.0,0.5,0.0,51.0,0.0
4.338839,0.0,0.5,0.0,51.0,0.0
4.3423424,0.0,0.5,0.0,51.0,0.0
4.3458457,0.0,0.5,0.0,51.0,0.0
4.3493495,0.0,0.5,0.0,51.0,0.0
4.352853,0.0,0.5,0.0,51.0,0.0
4.356356,0.0,0.5,0.0,51.0,0.0
4.35986,0.0,0.5,0.0,51.0,0.0
4.3633633,0.0,0.5,0.0,51.0,0.0
4.366867,0.0,0.5,0.0,51.0,0.0
4.3703704,0.0,0.5,0.0,51.0,0.0
4.3738737,0.0,0.5,0.0,51.0,0.0
4.3773775,0.0,0.5,0.0,51.0,0.0
4.380881,0.0,0.5,0.0,51.0,0.0
4.384384,0.0,0.5,0.0,51.0,0.0
4.387888,0.0,0.5,0.0,51.0,0.0
4.3913913,0.0,0.5,0.0,51.0,0.0
4.394895,0.0,0.5,0.0,51.0,0.0
4.3983984,0.0,0.5,0.0,51.0,0.0
4.4019017,0.0,0.5,0.0,51.0,0.0
4.4054055,0.0,0.5,0.0,51.0,0.0
4.408909,0.0,0.5,0.0,51.0,0.0
4.4124126,0.0,0.5,0.0,51.0,0.0
4.415916,0.0,0.5,0.0,51.0,0.0
4.4194193,0.0,0.5,0.0,51.0,0.0
4.422923,0.0,0.5,0.0,51.0,0.0
4.4264264,0.0,0.5,0.0,51.0,0.0
4.4299297,0.0,0.5,0.0,51.0,0.0
4.4334335,0.0,0.5,0.0,51.0,0.0
4.436937,0.0,0.5,0.0,51.0,0.0
4.4404407,0.0,0.5,0.0,51.0,0.0
4.443944,0.0,0.5,0.0,51.0,0.0
4.4474473,0.0,0.5,0.0,51.0,0.0
4.450951,0.0,0.5,0.0,51.0,0.0
4.4544544,0.0,0.5,0.0,51.0,0.0
4.4579577,0.0,0.5,0.0,51.0,0.0
4.4614615,0.0,0.5,0.0,51.0,0.0
4.464965,0.0,0.5,0.0,51.0,0.0
4.4684687,0.0,0.5,0.0,51.0,0.0
4.471972,0.0,0.5,0.0,51.0,0.0
4.4754753,0.0,0.5,0.0,51.0,0.0
4.478979,0.0,0.5,0.0,51.0,0.0
4.4824824,0.0,0.5,0.0,51.0,0.0
4.4859858,0.0,0.5,0.0,51.0,0.0
4.4894896,0.0,0.5,0.0,51.0,0.0
4.492993,0.0,0.5,0.0,51.0,0.0
4.4964967,0.0,0.5,0.0,51.0,0.0
4.5,0.0,0.5,0.0,51.0,0.0
