INR,VKORC1 G alleles,VKORC1 A alleles,CYP2C9 1 alleles,CYP2C9 2 alleles,CYP2C9 3 alleles,Age,Dose
0.5,1.0,0.0,1.0,0.0,0.0,71.0,11.5
0.5045045,1.0,0.0,1.0,0.0,0.0,71.0,11.5
0.509009,1.0,0.0,1.0,0.0,0.0,71.0,11.5
0.5135135,1.0,0.0,1.0,0.0,0.0,71.0,11.5
0.518018,1.0,0.0,1.0,0.0,0.0,71.0,11.5
0.5225225,1.0,0.0,1.0,0.0,0.0,71.0,11.5
0.527027,1.0,0.0,1.0,0.0,0.0,71.0,11.5
0.5315315,1.0,0.0,1.0,0.0,0.0,71.0,11.5
0.536036,1.0,0.0,1.0,0.0,0.0,71.0,11.5
0.5405405,1.0,0.0,1.0,0.0,0.0,71.0,11.5
0.545045,1.0,0.0,1.0,0.0,0.0,71.0,11.5
0.5495495,1.0,0.0,1.0,0.0,0.0,71.0,11.5
0.5540541,1.0,0.0,1.0,0.0,0.0,71.0,11.5
0.5585586,1.0,0.0,1.0,0.0,0.0,71.0,11.5
0.5630631,1.0,0.0,1.0,0.0,0.0,71.0,11.5
0.5675676,1.0,0.0,1.0,0.0,0.0,71.0,11.5
0.5720721,1.0,0.0,1.0,0.0,0.0,71.0,11.5
0.5765766,1.0,0.0,1.0,0.0,0.0,71.0,11.5
0.5810811,1.0,0.0,1.0,0.0,0.0,71.0,11.5
0.5855856,1.0,0.0,1.0,0.0,0.0,71.0,11.5
0.5900901,1.0,0.0,1.0,0.0,0.0,71.0,11.5
0.5945946,1.0,0.0,1.0,0.0,0.0,71.0,11.5
0.5990991,1.0,0.0,1.0,0.0,0.0,71.0,11.5
0.6036036,1.0,0.0,1.0,0.0,0.0,71.0,11.5
0.6081081,1.0,0.0,1.0,0.0,0.0,71.0,11.5
0.6126126,1.0,0.0,1.0,0.0,0.0,71.0,11.5
0.6171171,1.0,0.0,1.0,0.0,0.0,71.0,11.5
0.6216216,1.0,0.0,1.0,0.0,0.0,71.0,11.5
0.6261261,1.0,0.0,1.0,0.0,0.0,71.0,11.5
0.6306306,1.0,0.0,1.0,0.0,0.0,71.0,11.5
0.6351351,1.0,0.0,1.0,0.0,0.0,71.0,11.5
0.6396396,1.0,0.0,1.0,0.0,0.0,71.0,11.5
0.6441441,1.0,0.0,1.0,0.0,0.0,71.0,11.5
0.6486486,1.0,0.0,1.0,0.0,0.0,71.0,11.5
0.6531532,1.0,0.0,1.0,0.0,0.0,71.0,11.5
0.6576577,1.0,0.0,1.0,0.0,0.0,71.0,11.5
0.6621622,1.0,0.0,1.0,0.0,0.0,71.0,11.5
0.6666667,1.0,0.0,1.0,0.0,0.0,71.0,11.5
0.6711712,1.0,0.0,1.0,0.0,0.0,71.0,11.5
0.6756757,1.0,0.0,1.0,0.0,0.0,71.0,11.5
0.6801802,1.0,0.0,1.0,0.0,0.0,71.0,11.5
0.6846847,1.0,0.0,1.0,0.0,0.0,71.0,11.5
0.6891892,1.0,0.0,1.0,0.0,0.0,71.0,11.5
0.6936937,1.0,0.0,1.0,0.0,0.0,71.0,11.5
0.6981982,1.0,0.0,1.0,0.0,0.0,71.0,11.5
0.7027027,1.0,0.0,1.0,0.0,0.0,71.0,11.5
0.7072072,1.0,0.0,1.0,0.0,0.0,71.0,11.5
0.7117117,1.0,0.0,1.0,0.0,0.0,71.0,11.5
0.7162162,1.0,0.0,1.0,0.0,0.0,71.0,11.5
0.7207207,1.0,0.0,1.0,0.0,0.0,71.0,11.5
0.7252252,1.0,0.0,1.0,0.0,0.0,71.0,11.5
0.7297297,1.0,0.0,1.0,0.0,0.0,71.0,11.5
0.7342342,1.0,0.0,1.0,0.0,0.0,71.0,11.5
0.7387387,1.0,0.0,1.0,0.0,0.0,71.0,11.5
0.7432432,1.0,0.0,1.0,0.0,0.0,71.0,11.5
0.7477477,1.0,0.0,1.0,0.0,0.0,71.0,11.5
0.7522523,1.0,0.0,1.0,0.0,0.0,71.0,11.5
0.7567568,1.0,0.0,1.0,0.0,0.0,71.0,11.5
0.7612613,1.0,0.0,1.0,0.0,0.0,71.0,11.5
0.7657658,1.0,0.0,1.0,0.0,0.0,71.0,11.5
0.7702703,1.0,0.0,1.0,0.0,0.0,71.0,11.5
0.7747748,1.0,0.0,1.0,0.0,0.0,71.0,11.5
0.7792793,1.0,0.0,1.0,0.0,0.0,71.0,11.5
0.7837838,1.0,0.0,1.0,0.0,0.0,71.0,11.5
0.7882883,1.0,0.0,1.0,0.0,0.0,71.0,11.5
0.7927928,1.0,0.0,1.0,0.0,0.0,71.0,11.5
0.7972973,1.0,0.0,1.0,0.0,0.0,71.0,11.5
0.8018018,1.0,0.0,1.0,0.0,0.0,71.0,11.5
0.8063063,1.0,0.0,1.0,0.0,0.0,71.0,11.5
0.8108108,1.0,0.0,1.0,0.0,0.0,71.0,11.5
0.8153153,1.0,0.0,1.0,0.0,0.0,71.0,11.5
0.8198198,1.0,0.0,1.0,0.0,0.0,71.0,11.5
0.8243243,1.0,0.0,1.0,0.0,0.0,71.0,11.5
0.8288288,1.0,0.0,1.0,0.0,0.0,71.0,11.5
0.8333333,1.0,0.0,1.0,0.0,0.0,71.0,11.5
0.8378378,1.0,0.0,1.0,0.0,0.0,71.0,11.5
0.8423423,1.0,0.0,1.0,0.0,0.0,71.0,11.5
0.8468468,1.0,0.0,1.0,0.0,0.0,71.0,11.5
0.8513514,1.0,0.0,1.0,0.0,0.0,71.0,11.5
0.8558559,1.0,0.0,1.0,0.0,0.0,71.0,11.5
0.8603604,1.0,0.0,1.0,0.0,0.0,71.0,11.5
0.8648649,1.0,0.0,1.0,0.0,0.0,71.0,11.5
0.8693694,1.0,0.0,1.0,0.0,0.0,71.0,11.5
0.8738739,1.0,0.0,1.0,0.0,0.0,71.0,11.5
0.8783784,1.0,0.0,1.0,0.0,0.0,71.0,11.5
0.8828829,1.0,0.0,1.0,0.0,0.0,71.0,11.5
0.8873874,1.0,0.0,1.0,0.0,0.0,71.0,11.5
0.8918919,1.0,0.0,1.0,0.0,0.0,71.0,11.5
0.8963964,1.0,0.0,1.0,0.0,0.0,71.0,11.5
0.9009009,1.0,0.0,1.0,0.0,0.0,71.0,11.5
0.9054054,1.0,0.0,1.0,0.0,0.0,71.0,11.5
0.9099099,1.0,0.0,1.0,0.0,0.0,71.0,11.5
0.9144144,1.0,0.0,1.0,0.0,0.0,71.0,11.5
0.9189189,1.0,0.0,1.0,0.0,0.0,71.0,11.5
0.9234234,1.0,0.0,1.0,0.0,0.0,71.0,11.5
0.9279279,1.0,0.0,1.0,0.0,0.0,71.0,11.5
0.9324324,1.0,0.0,1.0,0.0,0.0,71.0,11.5
0.9369369,1.0,0.0,1.0,0.0,0.0,71.0,11.5
0.9414414,1.0,0.0,1.0,0.0,0.0,71.0,11.5
0.9459459,1.0,0.0,1.0,0.0,0.0,71.0,11.5
0.9504505,1.0,0.0,1.0,0.0,0.0,71.0,11.5
0.954955,1.0,0.0,1.0,0.0,0.0,71.0,11.5
0.9594595,1.0,0.0,1.0,0.0,0.0,71.0,11.5
0.963964,1.0,0.0,1.0,0.0,0.0,71.0,11.5
0.9684685,1.0,0.0,1.0,0.0,0.0,71.0,11.5
0.972973,1.0,0.0,1.0,0.0,0.0,71.0,11.5
0.9774775,1.0,0.0,1.0,0.0,0.0,71.0,11.5
0.981982,1.0,0.0,1.0,0.0,0.0,71.0,11.5
0.9864865,1.0,0.0,1.0,0.0,0.0,71.0,11.5
0.990991,1.0,0.0,1.0,0.0,0.0,71.0,11.5
0.9954955,1.0,0.0,1.0,0.0,0.0,71.0,11.5
1.0,1.0,0.0,1.0,0.0,0.0,71.0,11.5
1.0045046,1.0,0.0,1.0,0.0,0.0,71.0,11.5
1.009009,1.0,0.0,1.0,0.0,0.0,71.0,11.5
1.0135136,1.0,0.0,1.0,0.0,0.0,71.0,11.5
1.018018,1.0,0.0,1.0,0.0,0.0,71.0,11.5
1.0225226,1.0,0.0,1.0,0.0,0.0,71.0,11.5
1.027027,1.0,0.0,1.0,0.0,0.0,71.0,11.5
1.0315316,1.0,0.0,1.0,0.0,0.0,71.0,11.5
1.036036,1.0,0.0,1.0,0.0,0.0,71.0,11.5
1.0405406,1.0,0.0,1.0,0.0,0.0,71.0,11.5
1.045045,1.0,0.0,1.0,0.0,0.0,71.0,11.5
1.0495496,1.0,0.0,1.0,0.0,0.0,71.0,11.5
1.054054,1.0,0.0,1.0,0.0,0.0,71.0,11.5
1.0585586,1.0,0.0,1.0,0.0,0.0,71.0,11.5
1.063063,1.0,0.0,1.0,0.0,0.0,71.0,11.5
1.0675676,1.0,0.0,1.0,0.0,0.0,71.0,11.5
1.072072,1.0,0.0,1.0,0.0,0.0,71.0,11.5
1.0765766,1.0,0.0,1.0,0.0,0.0,71.0,11.5
1.081081,1.0,0.0,1.0,0.0,0.0,71.0,11.5
1.0855856,1.0,0.0,1.0,0.0,0.0,71.0,11.5
1.09009,1.0,0.0,1.0,0.0,0.0,71.0,11.5
1.0945946,1.0,0.0,1.0,0.0,0.0,71.0,11.5
1.099099,1.0,0.0,1.0,0.0,0.0,71.0,11.5
1.1036036,1.0,0.0,1.0,0.0,0.0,71.0,11.5
1.1081082,1.0,0.0,1.0,0.0,0.0,71.0,11.5
1.1126126,1.0,0.0,1.0,0.0,0.0,71.0,11.5
1.1171172,1.0,0.0,1.0,0.0,0.0,71.0,11.5
1.1216216,1.0,0.0,1.0,0.0,0.0,71.0,11.5
1.1261262,1.0,0.0,1.0,0.0,0.0,71.0,11.5
1.1306306,1.0,0.0,1.0,0.0,0.0,71.0,11.5
1.1351352,1.0,0.0,1.0,0.0,0.0,71.0,11.5
1.1396396,1.0,0.0,1.0,0.0,0.0,71.0,11.5
1.1441442,1.0,0.0,1.0,0.0,0.0,71.0,11.5
1.1486486,1.0,0.0,1.0,0.0,0.0,71.0,11.5
1.1531532,1.0,0.0,1.0,0.0,0.0,71.0,11.5
1.1576576,1.0,0.0,1.0,0.0,0.0,71.0,11.5
1.1621622,1.0,0.0,1.0,0.0,0.0,71.0,11.5
1.1666666,1.0,0.0,1.0,0.0,0.0,71.0,11.5
1.1711712,1.0,0.0,1.0,0.0,0.0,71.0,11.5
1.1756756,1.0,0.0,1.0,0.0,0.0,71.0,11.5
1.1801802,1.0,0.0,1.0,0.0,0.0,71.0,11.5
1.1846846,1.0,0.0,1.0,0.0,0.0,71.0,11.5
1.1891892,1.0,0.0,1.0,0.0,0.0,71.0,11.5
1.1936936,1.0,0.0,1.0,0.0,0.0,71.0,11.5
1.1981982,1.0,0.0,1.0,0.0,0.0,71.0,11.5
1.2027028,1.0,0.0,1.0,0.0,0.0,71.0,11.5
1.2072072,1.0,0.0,1.0,0.0,0.0,71.0,11.5
1.2117118,1.0,0.0,1.0,0.0,0.0,71.0,11.5
1.2162162,1.0,0.0,1.0,0.0,0.0,71.0,11.5
1.2207208,1.0,0.0,1.0,0.0,0.0,71.0,11.5
1.2252252,1.0,0.0,1.0,0.0,0.0,71.0,11.5
1.2297298,1.0,0.0,1.0,0.0,0.0,71.0,11.5
1.2342342,1.0,0.0,1.0,0.0,0.0,71.0,11.5
1.2387388,1.0,0.0,1.0,0.0,0.0,71.0,11.5
1.2432432,1.0,0.0,1.0,0.0,0.0,71.0,11.5
1.2477478,1.0,0.0,1.0,0.0,0.0,71.0,11.5
1.2522522,1.0,0.0,1.0,0.0,0.0,71.0,11.5
1.2567568,1.0,0.0,1.0,0.0,0.0,71.0,11.5
1.2612612,1.0,0.0,1.0,0.0,0.0,71.0,11.5
1.2657658,1.0,0.0,1.0,0.0,0.0,71.0,11.5
1.2702702,1.0,0.0,1.0,0.0,0.0,71.0,11.5
1.2747748,1.0,0.0,1.0,0.0,0.0,71.0,11.5
1.2792792,1.0,0.0,1.0,0.0,0.0,71.0,11.5
1.2837838,1.0,0.0,1.0,0.0,0.0,71.0,11.5
1.2882882,1.0,0.0,1.0,0.0,0.0,71.0,11.5
1.2927928,1.0,0.0,1.0,0.0,0.0,71.0,11.5
1.2972972,1.0,0.0,1.0,0.0,0.0,71.0,11.5
1.3018018,1.0,0.0,1.0,0.0,0.0,71.0,11.5
1.3063064,1.0,0.0,1.0,0.0,0.0,71.0,11.5
1.3108108,1.0,0.0,1.0,0.0,0.0,71.0,11.5
1.3153154,1.0,0.0,1.0,0.0,0.0,71.0,11.5
1.3198198,1.0,0.0,1.0,0.0,0.0,71.0,11.5
1.3243244,1.0,0.0,1.0,0.0,0.0,71.0,11.5
1.3288288,1.0,0.0,1.0,0.0,0.0,71.0,11.5
1.3333334,1.0,0.0,1.0,0.0,0.0,71.0,11.5
1.3378378,1.0,0.0,1.0,0.0,0.0,71.0,11.5
1.3423424,1.0,0.0,1.0,0.0,0.0,71.0,11.5
1.3468468,1.0,0.0,1.0,0.0,0.0,71.0,11.5
1.3513514,1.0,0.0,1.0,0.0,0.0,71.0,10.5
1.3558558,1.0,0.0,1.0,0.0,0.0,71.0,10.5
1.3603604,1.0,0.0,1.0,0.0,0.0,71.0,10.5
1.3648648,1.0,0.0,1.0,0.0,0.0,71.0,10.5
1.3693694,1.0,0.0,1.0,0.0,0.0,71.0,10.5
1.3738738,1.0,0.0,1.0,0.0,0.0,71.0,10.5
1.3783784,1.0,0.0,1.0,0.0,0.0,71.0,10.5
1.3828828,1.0,0.0,1.0,0.0,0.0,71.0,10.5
1.3873874,1.0,0.0,1.0,0.0,0.0,71.0,10.5
1.3918918,1.0,0.0,1.0,0.0,0.0,71.0,10.5
1.3963964,1.0,0.0,1.0,0.0,0.0,71.0,10.5
1.400901,1.0,0.0,1.0,0.0,0.0,71.0,10.5
1.4054054,1.0,0.0,1.0,0.0,0.0,71.0,10.5
1.40991,1.0,0.0,1.0,0.0,0.0,71.0,10.5
1.4144144,1.0,0.0,1.0,0.0,0.0,71.0,10.5
1.418919,1.0,0.0,1.0,0.0,0.0,71.0,10.5
1.4234234,1.0,0.0,1.0,0.0,0.0,71.0,10.5
1.427928,1.0,0.0,1.0,0.0,0.0,71.0,10.5
1.4324324,1.0,0.0,1.0,0.0,0.0,71.0,10.5
1.436937,1.0,0.0,1.0,0.0,0.0,71.0,10.5
1.4414414,1.0,0.0,1.0,0.0,0.0,71.0,10.5
1.445946,1.0,0.0,1.0,0.0,0.0,71.0,10.5
1.4504504,1.0,0.0,1.0,0.0,0.0,71.0,10.5
1.454955,1.0,0.0,1.0,0.0,0.0,71.0,10.5
1.4594594,1.0,0.0,1.0,0.0,0.0,71.0,10.5
1.463964,1.0,0.0,1.0,0.0,0.0,71.0,10.5
1.4684684,1.0,0.0,1.0,0.0,0.0,71.0,10.5
1.472973,1.0,0.0,1.0,0.0,0.0,71.0,10.5
1.4774774,1.0,0.0,1.0,0.0,0.0,71.0,10.5
1.481982,1.0,0.0,1.0,0.0,0.0,71.0,10.5
1.4864864,1.0,0.0,1.0,0.0,0.0,71.0,10.5
1.490991,1.0,0.0,1.0,0.0,0.0,71.0,10.5
1.4954954,1.0,0.0,1.0,0.0,0.0,71.0,10.5
1.5,1.0,0.0,1.0,0.0,0.0,71.0,10.5
1.5045046,1.0,0.0,1.0,0.0,0.0,71.0,10.5
1.509009,1.0,0.0,1.0,0.0,0.0,71.0,10.5
1.5135136,1.0,0.0,1.0,0.0,0.0,71.0,10.5
1.518018,1.0,0.0,1.0,0.0,0.0,71.0,10.5
1.5225226,1.0,0.0,1.0,0.0,0.0,71.0,10.5
1.527027,1.0,0.0,1.0,0.0,0.0,71.0,10.5
1.5315316,1.0,0.0,1.0,0.0,0.0,71.0,10.5
1.536036,1.0,0.0,1.0,0.0,0.0,71.0,10.5
1.5405406,1.0,0.0,1.0,0.0,0.0,71.0,10.5
1.545045,1.0,0.0,1.0,0.0,0.0,71.0,10.5
1.5495496,1.0,0.0,1.0,0.0,0.0,71.0,10.5
1.554054,1.0,0.0,1.0,0.0,0.0,71.0,10.5
1.5585586,1.0,0.0,1.0,0.0,0.0,71.0,10.5
1.563063,1.0,0.0,1.0,0.0,0.0,71.0,10.5
1.5675676,1.0,0.0,1.0,0.0,0.0,71.0,10.5
1.572072,1.0,0.0,1.0,0.0,0.0,71.0,10.5
1.5765766,1.0,0.0,1.0,0.0,0.0,71.0,10.5
1.581081,1.0,0.0,1.0,0.0,0.0,71.0,10.5
1.5855856,1.0,0.0,1.0,0.0,0.0,71.0,10.5
1.59009,1.0,0.0,1.0,0.0,0.0,71.0,10.5
1.5945946,1.0,0.0,1.0,0.0,0.0,71.0,10.5
1.599099,1.0,0.0,1.0,0.0,0.0,71.0,10.5
1.6036036,1.0,0.0,1.0,0.0,0.0,71.0,10.5
1.6081082,1.0,0.0,1.0,0.0,0.0,71.0,10.5
1.6126126,1.0,0.0,1.0,0.0,0.0,71.0,10.5
1.6171172,1.0,0.0,1.0,0.0,0.0,71.0,10.5
1.6216216,1.0,0.0,1.0,0.0,0.0,71.0,10.5
1.6261262,1.0,0.0,1.0,0.0,0.0,71.0,10.5
1.6306306,1.0,0.0,1.0,0.0,0.0,71.0,10.5
1.6351352,1.0,0.0,1.0,0.0,0.0,71.0,10.5
1.6396396,1.0,0.0,1.0,0.0,0.0,71.0,10.5
1.6441442,1.0,0.0,1.0,0.0,0.0,71.0,10.5
1.6486486,1.0,0.0,1.0,0.0,0.0,71.0,10.5
1.6531532,1.0,0.0,1.0,0.0,0.0,71.0,10.5
1.6576576,1.0,0.0,1.0,0.0,0.0,71.0,10.5
1.6621622,1.0,0.0,1.0,0.0,0.0,71.0,10.5
1.6666666,1.0,0.0,1.0,0.0,0.0,71.0,10.5
1.6711712,1.0,0.0,1.0,0.0,0.0,71.0,10.5
1.6756756,1.0,0.0,1.0,0.0,0.0,71.0,10.5
1.6801802,1.0,0.0,1.0,0.0,0.0,71.0,10.5
1.6846846,1.0,0.0,1.0,0.0,0.0,71.0,10.5
1.6891892,1.0,0.0,1.0,0.0,0.0,71.0,10.5
1.6936936,1.0,0.0,1.0,0.0,0.0,71.0,10.5
1.6981982,1.0,0.0,1.0,0.0,0.0,71.0,10.5
1.7027028,1.0,0.0,1.0,0.0,0.0,71.0,10.5
1.7072072,1.0,0.0,1.0,0.0,0.0,71.0,10.5
1.7117118,1.0,0.0,1.0,0.0,0.0,71.0,10.5
1.7162162,1.0,0.0,1.0,0.0,0.0,71.0,10.5
1.7207208,1.0,0.0,1.0,0.0,0.0,71.0,10.5
1.7252252,1.0,0.0,1.0,0.0,0.0,71.0,10.5
1.7297298,1.0,0.0,1.0,0.0,0.0,71.0,10.5
1.7342342,1.0,0.0,1.0,0.0,0.0,71.0,10.5
1.7387388,1.0,0.0,1.0,0.0,0.0,71.0,10.5
1.7432432,1.0,0.0,1.0,0.0,0.0,71.0,10.5
1.7477478,1.0,0.0,1.0,0.0,0.0,71.0,10.5
1.7522522,1.0,0.0,1.0,0.0,0.0,71.0,10.5
1.7567568,1.0,0.0,1.0,0.0,0.0,71.0,10.5
1.7612612,1.0,0.0,1.0,0.0,0.0,71.0,10.5
1.7657658,1.0,0.0,1.0,0.0,0.0,71.0,10.5
1.7702702,1.0,0.0,1.0,0.0,0.0,71.0,10.5
1.7747748,1.0,0.0,1.0,0.0,0.0,71.0,10.5
1.7792792,1.0,0.0,1.0,0.0,0.0,71.0,10.5
1.7837838,1.0,0.0,1.0,0.0,0.0,71.0,10.5
1.7882882,1.0,0.0,1.0,0.0,0.0,71.0,10.5
1.7927928,1.0,0.0,1.0,0.0,0.0,71.0,10.5
1.7972972,1.0,0.0,1.0,0.0,0.0,71.0,10.5
1.8018018,1.0,0.0,1.0,0.0,0.0,71.0,10.5
1.8063064,1.0,0.0,1.0,0.0,0.0,71.0,10.5
1.8108108,1.0,0.0,1.0,0.0,0.0,71.0,10.5
1.8153154,1.0,0.0,1.0,0.0,0.0,71.0,10.5
1.8198198,1.0,0.0,1.0,0.0,0.0,71.0,10.5
1.8243244,1.0,0.0,1.0,0.0,0.0,71.0,10.5
1.8288288,1.0,0.0,1.0,0.0,0.0,71.0,10.5
1.8333334,1.0,0.0,1.0,0.0,0.0,71.0,10.5
1.8378378,1.0,0.0,1.0,0.0,0.0,71.0,10.5
1.8423424,1.0,0.0,1.0,0.0,0.0,71.0,10.5
1.8468468,1.0,0.0,1.0,0.0,0.0,71.0,10.5
1.8513514,1.0,0.0,1.0,0.0,0.0,71.0,10.5
1.8558558,1.0,0.0,1.0,0.0,0.0,71.0,10.5
1.8603604,1.0,0.0,1.0,0.0,0.0,71.0,10.5
1.8648648,1.0,0.0,1.0,0.0,0.0,71.0,10.5
1.8693694,1.0,0.0,1.0,0.0,0.0,71.0,10.5
1.8738738,1.0,0.0,1.0,0.0,0.0,71.0,10.5
1.8783784,1.0,0.0,1.0,0.0,0.0,71.0,10.5
1.8828828,1.0,0.0,1.0,0.0,0.0,71.0,10.5
1.8873874,1.0,0.0,1.0,0.0,0.0,71.0,10.5
1.8918918,1.0,0.0,1.0,0.0,0.0,71.0,10.5
1.8963964,1.0,0.0,1.0,0.0,0.0,71.0,10.5
1.900901,1.0,0.0,1.0,0.0,0.0,71.0,10.5
1.9054054,1.0,0.0,1.0,0.0,0.0,71.0,10.5
1.90991,1.0,0.0,1.0,0.0,0.0,71.0,10.5
1.9144144,1.0,0.0,1.0,0.0,0.0,71.0,10.5
1.918919,1.0,0.0,1.0,0.0,0.0,71.0,10.5
1.9234234,1.0,0.0,1.0,0.0,0.0,71.0,10.5
1.927928,1.0,0.0,1.0,0.0,0.0,71.0,10.5
1.9324324,1.0,0.0,1.0,0.0,0.0,71.0,10.5
1.936937,1.0,0.0,1.0,0.0,0.0,71.0,10.5
1.9414414,1.0,0.0,1.0,0.0,0.0,71.0,10.5
1.945946,1.0,0.0,1.0,0.0,0.0,71.0,10.5
1.9504504,1.0,0.0,1.0,0.0,0.0,71.0,10.5
1.954955,1.0,0.0,1.0,0.0,0.0,71.0,8.5
1.9594594,1.0,0.0,1.0,0.0,0.0,71.0,8.5
1.963964,1.0,0.0,1.0,0.0,0.0,71.0,8.5
1.9684684,1.0,0.0,1.0,0.0,0.0,71.0,8.5
1.972973,1.0,0.0,1.0,0.0,0.0,71.0,8.5
1.9774774,1.0,0.0,1.0,0.0,0.0,71.0,8.5
1.981982,1.0,0.0,1.0,0.0,0.0,71.0,8.5
1.9864864,1.0,0.0,1.0,0.0,0.0,71.0,8.5
1.990991,1.0,0.0,1.0,0.0,0.0,71.0,8.5
1.9954954,1.0,0.0,1.0,0.0,0.0,71.0,8.5
2.0,1.0,0.0,1.0,0.0,0.0,71.0,8.5
2.0045044,1.0,0.0,1.0,0.0,0.0,71.0,8.5
2.0090091,1.0,0.0,1.0,0.0,0.0,71.0,8.5
2.0135136,1.0,0.0,1.0,0.0,0.0,71.0,8.5
2.018018,1.0,0.0,1.0,0.0,0.0,71.0,8.5
2.0225224,1.0,0.0,1.0,0.0,0.0,71.0,8.5
2.0270271,1.0,0.0,1.0,0.0,0.0,71.0,8.0
2.0315316,1.0,0.0,1.0,0.0,0.0,71.0,8.0
2.036036,1.0,0.0,1.0,0.0,0.0,71.0,8.0
2.0405405,1.0,0.0,1.0,0.0,0.0,71.0,8.0
2.0450451,1.0,0.0,1.0,0.0,0.0,71.0,8.0
2.0495496,1.0,0.0,1.0,0.0,0.0,71.0,8.0
2.054054,1.0,0.0,1.0,0.0,0.0,71.0,8.0
2.0585585,1.0,0.0,1.0,0.0,0.0,71.0,8.0
2.0630631,1.0,0.0,1.0,0.0,0.0,71.0,8.0
2.0675676,1.0,0.0,1.0,0.0,0.0,71.0,8.0
2.072072,1.0,0.0,1.0,0.0,0.0,71.0,8.0
2.0765765,1.0,0.0,1.0,0.0,0.0,71.0,8.0
2.0810812,1.0,0.0,1.0,0.0,0.0,71.0,8.0
2.0855856,1.0,0.0,1.0,0.0,0.0,71.0,8.0
2.09009,1.0,0.0,1.0,0.0,0.0,71.0,8.0
2.0945945,1.0,0.0,1.0,0.0,0.0,71.0,8.0
2.0990992,1.0,0.0,1.0,0.0,0.0,71.0,8.0
2.1036036,1.0,0.0,1.0,0.0,0.0,71.0,8.0
2.108108,1.0,0.0,1.0,0.0,0.0,71.0,8.0
2.1126127,1.0,0.0,1.0,0.0,0.0,71.0,8.0
2.1171172,1.0,0.0,1.0,0.0,0.0,71.0,8.0
2.1216216,1.0,0.0,1.0,0.0,0.0,71.0,8.0
2.126126,1.0,0.0,1.0,0.0,0.0,71.0,8.0
2.1306307,1.0,0.0,1.0,0.0,0.0,71.0,8.0
2.1351352,1.0,0.0,1.0,0.0,0.0,71.0,8.0
2.1396396,1.0,0.0,1.0,0.0,0.0,71.0,8.0
2.144144,1.0,0.0,1.0,0.0,0.0,71.0,8.0
2.1486487,1.0,0.0,1.0,0.0,0.0,71.0,8.0
2.1531532,1.0,0.0,1.0,0.0,0.0,71.0,8.0
2.1576576,1.0,0.0,1.0,0.0,0.0,71.0,8.0
2.162162,1.0,0.0,1.0,0.0,0.0,71.0,8.0
2.1666667,1.0,0.0,1.0,0.0,0.0,71.0,8.0
2.1711712,1.0,0.0,1.0,0.0,0.0,71.0,8.0
2.1756756,1.0,0.0,1.0,0.0,0.0,71.0,8.0
2.18018,1.0,0.0,1.0,0.0,0.0,71.0,8.0
2.1846848,1.0,0.0,1.0,0.0,0.0,71.0,8.0
2.1891892,1.0,0.0,1.0,0.0,0.0,71.0,8.0
2.1936936,1.0,0.0,1.0,0.0,0.0,71.0,8.0
2.198198,1.0,0.0,1.0,0.0,0.0,71.0,8.0
2.2027028,1.0,0.0,1.0,0.0,0.0,71.0,8.0
2.2072072,1.0,0.0,1.0,0.0,0.0,71.0,8.0
2.2117116,1.0,0.0,1.0,0.0,0.0,71.0,6.0
2.2162163,1.0,0.0,1.0,0.0,0.0,71.0,6.0
2.2207208,1.0,0.0,1.0,0.0,0.0,71.0,6.0
2.2252252,1.0,0.0,1.0,0.0,0.0,71.0,6.0
2.2297297,1.0,0.0,1.0,0.0,0.0,71.0,6.0
2.2342343,1.0,0.0,1.0,0.0,0.0,71.0,6.0
2.2387388,1.0,0.0,1.0,0.0,0.0,71.0,6.0
2.2432432,1.0,0.0,1.0,0.0,0.0,71.0,6.0
2.2477477,1.0,0.0,1.0,0.0,0.0,71.0,6.0
2.2522523,1.0,0.0,1.0,0.0,0.0,71.0,6.0
2.2567568,1.0,0.0,1.0,0.0,0.0,71.0,6.0
2.2612612,1.0,0.0,1.0,0.0,0.0,71.0,6.0
2.2657657,1.0,0.0,1.0,0.0,0.0,71.0,6.0
2.2702703,1.0,0.0,1.0,0.0,0.0,71.0,6.0
2.2747748,1.0,0.0,1.0,0.0,0.0,71.0,6.0
2.2792792,1.0,0.0,1.0,0.0,0.0,71.0,6.0
2.2837837,1.0,0.0,1.0,0.0,0.0,71.0,6.0
2.2882884,1.0,0.0,1.0,0.0,0.0,71.0,6.0
2.2927928,1.0,0.0,1.0,0.0,0.0,71.0,6.0
2.2972972,1.0,0.0,1.0,0.0,0.0,71.0,6.0
2.301802,1.0,0.0,1.0,0.0,0.0,71.0,6.0
2.3063064,1.0,0.0,1.0,0.0,0.0,71.0,6.0
2.3108108,1.0,0.0,1.0,0.0,0.0,71.0,6.0
2.3153152,1.0,0.0,1.0,0.0,0.0,71.0,6.0
2.31982,1.0,0.0,1.0,0.0,0.0,71.0,6.0
2.3243244,1.0,0.0,1.0,0.0,0.0,71.0,6.0
2.3288288,1.0,0.0,1.0,0.0,0.0,71.0,6.0
2.3333333,1.0,0.0,1.0,0.0,0.0,71.0,6.0
2.337838,1.0,0.0,1.0,0.0,0.0,71.0,6.0
2.3423424,1.0,0.0,1.0,0.0,0.0,71.0,6.0
2.3468468,1.0,0.0,1.0,0.0,0.0,71.0,6.0
2.3513513,1.0,0.0,1.0,0.0,0.0,71.0,6.0
2.355856,1.0,0.0,1.0,0.0,0.0,71.0,6.0
2.3603604,1.0,0.0,1.0,0.0,0.0,71.0,6.0
2.3648648,1.0,0.0,1.0,0.0,0.0,71.0,6.0
2.3693693,1.0,0.0,1.0,0.0,0.0,71.0,6.0
2.373874,1.0,0.0,1.0,0.0,0.0,71.0,6.0
2.3783784,1.0,0.0,1.0,0.0,0.0,71.0,6.0
2.3828828,1.0,0.0,1.0,0.0,0.0,71.0,6.0
2.3873873,1.0,0.0,1.0,0.0,0.0,71.0,6.0
2.391892,1.0,0.0,1.0,0.0,0.0,71.0,6.0
2.3963964,1.0,0.0,1.0,0.0,0.0,71.0,6.0
2.4009008,1.0,0.0,1.0,0.0,0.0,71.0,6.0
2.4054055,1.0,0.0,1.0,0.0,0.0,71.0,6.0
2.40991,1.0,0.0,1.0,0.0,0.0,71.0,6.0
2.4144144,1.0,0.0,1.0,0.0,0.0,71.0,6.0
2.4189188,1.0,0.0,1.0,0.0,0.0,71.0,6.0
2.4234235,1.0,0.0,1.0,0.0,0.0,71.0,6.0
2.427928,1.0,0.0,1.0,0.0,0.0,71.0,6.0
2.4324324,1.0,0.0,1.0,0.0,0.0,71.0,6.0
2.4369369,1.0,0.0,1.0,0.0,0.0,71.0,6.0
2.4414415,1.0,0.0,1.0,0.0,0.0,71.0,6.0
2.445946,1.0,0.0,1.0,0.0,0.0,71.0,6.0
2.4504504,1.0,0.0,1.0,0.0,0.0,71.0,6.0
2.4549549,1.0,0.0,1.0,0.0,0.0,71.0,6.0
2.4594595,1.0,0.0,1.0,0.0,0.0,71.0,6.0
2.463964,1.0,0.0,1.0,0.0,0.0,71.0,6.0
2.4684684,1.0,0.0,1.0,0.0,0.0,71.0,6.0
2.4729729,1.0,0.0,1.0,0.0,0.0,71.0,6.0
2.4774776,1.0,0.0,1.0,0.0,0.0,71.0,5.5
2.481982,1.0,0.0,1.0,0.0,0.0,71.0,5.5
2.4864864,1.0,0.0,1.0,0.0,0.0,71.0,5.5
2.4909909,1.0,0.0,1.0,0.0,0.0,71.0,5.5
2.4954956,1.0,0.0,1.0,0.0,0.0,71.0,5.5
2.5,1.0,0.0,1.0,0.0,0.0,71.0,5.5
2.5045044,1.0,0.0,1.0,0.0,0.0,71.0,5.5
2.5090091,1.0,0.0,1.0,0.0,0.0,71.0,5.5
2.5135136,1.0,0.0,1.0,0.0,0.0,71.0,5.5
2.518018,1.0,0.0,1.0,0.0,0.0,71.0,5.5
2.5225224,1.0,0.0,1.0,0.0,0.0,71.0,5.5
2.5270271,1.0,0.0,1.0,0.0,0.0,71.0,5.5
2.5315316,1.0,0.0,1.0,0.0,0.0,71.0,5.5
2.536036,1.0,0.0,1.0,0.0,0.0,71.0,5.5
2.5405405,1.0,0.0,1.0,0.0,0.0,71.0,5.5
2.5450451,1.0,0.0,1.0,0.0,0.0,71.0,5.5
2.5495496,1.0,0.0,1.0,0.0,0.0,71.0,5.5
2.554054,1.0,0.0,1.0,0.0,0.0,71.0,5.5
2.5585585,1.0,0.0,1.0,0.0,0.0,71.0,5.5
2.5630631,1.0,0.0,1.0,0.0,0.0,71.0,5.5
2.5675676,1.0,0.0,1.0,0.0,0.0,71.0,5.5
2.572072,1.0,0.0,1.0,0.0,0.0,71.0,5.5
2.5765765,1.0,0.0,1.0,0.0,0.0,71.0,5.5
2.5810812,1.0,0.0,1.0,0.0,0.0,71.0,5.5
2.5855856,1.0,0.0,1.0,0.0,0.0,71.0,5.5
2.59009,1.0,0.0,1.0,0.0,0.0,71.0,5.5
2.5945945,1.0,0.0,1.0,0.0,0.0,71.0,5.5
2.5990992,1.0,0.0,1.0,0.0,0.0,71.0,5.5
2.6036036,1.0,0.0,1.0,0.0,0.0,71.0,5.5
2.608108,1.0,0.0,1.0,0.0,0.0,71.0,5.5
2.6126127,1.0,0.0,1.0,0.0,0.0,71.0,5.5
2.6171172,1.0,0.0,1.0,0.0,0.0,71.0,5.5
2.6216216,1.0,0.0,1.0,0.0,0.0,71.0,5.5
2.626126,1.0,0.0,1.0,0.0,0.0,71.0,5.5
2.6306307,1.0,0.0,1.0,0.0,0.0,71.0,5.5
2.6351352,1.0,0.0,1.0,0.0,0.0,71.0,5.5
2.6396396,1.0,0.0,1.0,0.0,0.0,71.0,5.5
2.644144,1.0,0.0,1.0,0.0,0.0,71.0,5.5
2.6486487,1.0,0.0,1.0,0.0,0.0,71.0,5.5
2.6531532,1.0,0.0,1.0,0.0,0.0,71.0,5.5
2.6576576,1.0,0.0,1.0,0.0,0.0,71.0,5.5
2.662162,1.0,0.0,1.0,0.0,0.0,71.0,5.5
2.6666667,1.0,0.0,1.0,0.0,0.0,71.0,5.5
2.6711712,1.0,0.0,1.0,0.0,0.0,71.0,5.5
2.6756756,1.0,0.0,1.0,0.0,0.0,71.0,5.5
2.68018,1.0,0.0,1.0,0.0,0.0,71.0,5.5
2.6846848,1.0,0.0,1.0,0.0,0.0,71.0,5.5
2.6891892,1.0,0.0,1.0,0.0,0.0,71.0,5.5
2.6936936,1.0,0.0,1.0,0.0,0.0,71.0,5.5
2.698198,1.0,0.0,1.0,0.0,0.0,71.0,5.5
2.7027028,1.0,0.0,1.0,0.0,0.0,71.0,5.5
2.7072072,1.0,0.0,1.0,0.0,0.0,71.0,5.5
2.7117116,1.0,0.0,1.0,0.0,0.0,71.0,5.5
2.7162163,1.0,0.0,1.0,0.0,0.0,71.0,5.5
2.7207208,1.0,0.0,1.0,0.0,0.0,71.0,5.5
2.7252252,1.0,0.0,1.0,0.0,0.0,71.0,5.5
2.7297297,1.0,0.0,1.0,0.0,0.0,71.0,5.5
2.7342343,1.0,0.0,1.0,0.0,0.0,71.0,5.5
2.7387388,1.0,0.0,1.0,0.0,0.0,71.0,5.5
2.7432432,1.0,0.0,1.0,0.0,0.0,71.0,5.5
2.7477477,1.0,0.0,1.0,0.0,0.0,71.0,5.5
2.7522523,1.0,0.0,1.0,0.0,0.0,71.0,5.5
2.7567568,1.0,0.0,1.0,0.0,0.0,71.0,5.5
2.7612612,1.0,0.0,1.0,0.0,0.0,71.0,5.5
2.7657657,1.0,0.0,1.0,0.0,0.0,71.0,5.5
2.7702703,1.0,0.0,1.0,0.0,0.0,71.0,5.5
2.7747748,1.0,0.0,1.0,0.0,0.0,71.0,5.5
2.7792792,1.0,0.0,1.0,0.0,0.0,71.0,5.5
2.7837837,1.0,0.0,1.0,0.0,0.0,71.0,5.5
2.7882884,1.0,0.0,1.0,0.0,0.0,71.0,5.5
2.7927928,1.0,0.0,1.0,0.0,0.0,71.0,5.5
2.7972972,1.0,0.0,1.0,0.0,0.0,71.0,5.5
2.801802,1.0,0.0,1.0,0.0,0.0,71.0,5.5
2.8063064,1.0,0.0,1.0,0.0,0.0,71.0,5.5
2.8108108,1.0,0.0,1.0,0.0,0.0,71.0,5.5
2.8153152,1.0,0.0,1.0,0.0,0.0,71.0,5.5
2.81982,1.0,0.0,1.0,0.0,0.0,71.0,5.5
2.8243244,1.0,0.0,1.0,0.0,0.0,71.0,5.5
2.8288288,1.0,0.0,1.0,0.0,0.0,71.0,5.5
2.8333333,1.0,0.0,1.0,0.0,0.0,71.0,5.5
2.837838,1.0,0.0,1.0,0.0,0.0,71.0,5.5
2.8423424,1.0,0.0,1.0,0.0,0.0,71.0,5.5
2.8468468,1.0,0.0,1.0,0.0,0.0,71.0,5.5
2.8513513,1.0,0.0,1.0,0.0,0.0,71.0,5.5
2.855856,1.0,0.0,1.0,0.0,0.0,71.0,5.5
2.8603604,1.0,0.0,1.0,0.0,0.0,71.0,5.5
2.8648648,1.0,0.0,1.0,0.0,0.0,71.0,4.5
2.8693693,1.0,0.0,1.0,0.0,0.0,71.0,4.5
2.873874,1.0,0.0,1.0,0.0,0.0,71.0,4.5
2.8783784,1.0,0.0,1.0,0.0,0.0,71.0,4.5
2.8828828,1.0,0.0,1.0,0.0,0.0,71.0,4.5
2.8873873,1.0,0.0,1.0,0.0,0.0,71.0,4.5
2.891892,1.0,0.0,1.0,0.0,0.0,71.0,4.5
2.8963964,1.0,0.0,1.0,0.0,0.0,71.0,4.5
2.9009008,1.0,0.0,1.0,0.0,0.0,71.0,4.5
2.9054055,1.0,0.0,1.0,0.0,0.0,71.0,4.5
2.90991,1.0,0.0,1.0,0.0,0.0,71.0,4.5
2.9144144,1.0,0.0,1.0,0.0,0.0,71.0,4.5
2.9189188,1.0,0.0,1.0,0.0,0.0,71.0,4.5
2.9234235,1.0,0.0,1.0,0.0,0.0,71.0,4.5
2.927928,1.0,0.0,1.0,0.0,0.0,71.0,4.5
2.9324324,1.0,0.0,1.0,0.0,0.0,71.0,4.5
2.9369369,1.0,0.0,1.0,0.0,0.0,71.0,4.5
2.9414415,1.0,0.0,1.0,0.0,0.0,71.0,4.5
2.945946,1.0,0.0,1.0,0.0,0.0,71.0,4.5
2.9504504,1.0,0.0,1.0,0.0,0.0,71.0,4.5
2.9549549,1.0,0.0,1.0,0.0,0.0,71.0,4.5
2.9594595,1.0,0.0,1.0,0.0,0.0,71.0,4.5
2.963964,1.0,0.0,1.0,0.0,0.0,71.0,4.5
2.9684684,1.0,0.0,1.0,0.0,0.0,71.0,4.5
2.9729729,1.0,0.0,1.0,0.0,0.0,71.0,4.5
2.9774776,1.0,0.0,1.0,0.0,0.0,71.0,4.5
2.981982,1.0,0.0,1.0,0.0,0.0,71.0,4.5
2.9864864,1.0,0.0,1.0,0.0,0.0,71.0,4.5
2.9909909,1.0,0.0,1.0,0.0,0.0,71.0,4.5
2.9954956,1.0,0.0,1.0,0.0,0.0,71.0,4.5
3.0,1.0,0.0,1.0,0.0,0.0,71.0,4.5
3.0045044,1.0,0.0,1.0,0.0,0.0,71.0,4.5
3.0090091,1.0,0.0,1.0,0.0,0.0,71.0,4.5
3.0135136,1.0,0.0,1.0,0.0,0.0,71.0,4.5
3.018018,1.0,0.0,1.0,0.0,0.0,71.0,4.5
3.0225224,1.0,0.0,1.0,0.0,0.0,71.0,4.5
3.0270271,1.0,0.0,1.0,0.0,0.0,71.0,4.5
3.0315316,1.0,0.0,1.0,0.0,0.0,71.0,4.5
3.036036,1.0,0.0,1.0,0.0,0.0,71.0,4.5
3.0405405,1.0,0.0,1.0,0.0,0.0,71.0,4.5
3.0450451,1.0,0.0,1.0,0.0,0.0,71.0,4.5
3.0495496,1.0,0.0,1.0,0.0,0.0,71.0,4.5
3.054054,1.0,0.0,1.0,0.0,0.0,71.0,4.5
3.0585585,1.0,0.0,1.0,0.0,0.0,71.0,4.5
3.0630631,1.0,0.0,1.0,0.0,0.0,71.0,4.5
3.0675676,1.0,0.0,1.0,0.0,0.0,71.0,4.5
3.072072,1.0,0.0,1.0,0.0,0.0,71.0,4.5
3.0765765,1.0,0.0,1.0,0.0,0.0,71.0,4.5
3.0810812,1.0,0.0,1.0,0.0,0.0,71.0,4.5
3.0855856,1.0,0.0,1.0,0.0,0.0,71.0,4.5
3.09009,1.0,0.0,1.0,0.0,0.0,71.0,4.5
3.0945945,1.0,0.0,1.0,0.0,0.0,71.0,4.5
3.0990992,1.0,0.0,1.0,0.0,0.0,71.0,4.5
3.1036036,1.0,0.0,1.0,0.0,0.0,71.0,4.5
3.108108,1.0,0.0,1.0,0.0,0.0,71.0,4.5
3.1126127,1.0,0.0,1.0,0.0,0.0,71.0,4.5
3.1171172,1.0,0.0,1.0,0.0,0.0,71.0,4.5
3.1216216,1.0,0.0,1.0,0.0,0.0,71.0,4.5
3.126126,1.0,0.0,1.0,0.0,0.0,71.0,4.5
3.1306307,1.0,0.0,1.0,0.0,0.0,71.0,4.5
3.1351352,1.0,0.0,1.0,0.0,0.0,71.0,4.5
3.1396396,1.0,0.0,1.0,0.0,0.0,71.0,4.5
3.144144,1.0,0.0,1.0,0.0,0.0,71.0,4.5
3.1486487,1.0,0.0,1.0,0.0,0.0,71.0,4.5
3.1531532,1.0,0.0,1.0,0.0,0.0,71.0,4.5
3.1576576,1.0,0.0,1.0,0.0,0.0,71.0,4.5
3.162162,1.0,0.0,1.0,0.0,0.0,71.0,4.5
3.1666667,1.0,0.0,1.0,0.0,0.0,71.0,4.5
3.1711712,1.0,0.0,1.0,0.0,0.0,71.0,4.5
3.1756756,1.0,0.0,1.0,0.0,0.0,71.0,4.5
3.18018,1.0,0.0,1.0,0.0,0.0,71.0,4.5
3.1846848,1.0,0.0,1.0,0.0,0.0,71.0,4.5
3.1891892,1.0,0.0,1.0,0.0,0.0,71.0,4.5
3.1936936,1.0,0.0,1.0,0.0,0.0,71.0,4.5
3.198198,1.0,0.0,1.0,0.0,0.0,71.0,4.5
3.2027028,1.0,0.0,1.0,0.0,0.0,71.0,4.5
3.2072072,1.0,0.0,1.0,0.0,0.0,71.0,4.5
3.2117116,1.0,0.0,1.0,0.0,0.0,71.0,4.5
3.2162163,1.0,0.0,1.0,0.0,0.0,71.0,4.5
3.2207208,1.0,0.0,1.0,0.0,0.0,71.0,4.5
3.2252252,1.0,0.0,1.0,0.0,0.0,71.0,4.5
3.2297297,1.0,0.0,1.0,0.0,0.0,71.0,4.5
3.2342343,1.0,0.0,1.0,0.0,0.0,71.0,4.5
3.2387388,1.0,0.0,1.0,0.0,0.0,71.0,4.5
3.2432432,1.0,0.0,1.0,0.0,0.0,71.0,4.5
3.2477477,1.0,0.0,1.0,0.0,0.0,71.0,4.5
3.2522523,1.0,0.0,1.0,0.0,0.0,71.0,4.5
3.2567568,1.0,0.0,1.0,0.0,0.0,71.0,4.5
3.2612612,1.0,0.0,1.0,0.0,0.0,71.0,4.5
3.2657657,1.0,0.0,1.0,0.0,0.0,71.0,4.5
3.2702703,1.0,0.0,1.0,0.0,0.0,71.0,4.5
3.2747748,1.0,0.0,1.0,0.0,0.0,71.0,4.5
3.2792792,1.0,0.0,1.0,0.0,0.0,71.0,4.5
3.2837837,1.0,0.0,1.0,0.0,0.0,71.0,4.5
3.2882884,1.0,0.0,1.0,0.0,0.0,71.0,4.5
3.2927928,1.0,0.0,1.0,0.0,0.0,71.0,4.5
3.2972972,1.0,0.0,1.0,0.0,0.0,71.0,4.5
3.301802,1.0,0.0,1.0,0.0,0.0,71.0,4.5
3.3063064,1.0,0.0,1.0,0.0,0.0,71.0,4.5
3.3108108,1.0,0.0,1.0,0.0,0.0,71.0,4.5
3.3153152,1.0,0.0,1.0,0.0,0.0,71.0,4.5
3.31982,1.0,0.0,1.0,0.0,0.0,71.0,4.5
3.3243244,1.0,0.0,1.0,0.0,0.0,71.0,4.5
3.3288288,1.0,0.0,1.0,0.0,0.0,71.0,4.5
3.3333333,1.0,0.0,1.0,0.0,0.0,71.0,4.5
3.337838,1.0,0.0,1.0,0.0,0.0,71.0,4.5
3.3423424,1.0,0.0,1.0,0.0,0.0,71.0,4.5
3.3468468,1.0,0.0,1.0,0.0,0.0,71.0,4.5
3.3513513,1.0,0.0,1.0,0.0,0.0,71.0,4.5
3.355856,1.0,0.0,1.0,0.0,0.0,71.0,4.5
3.3603604,1.0,0.0,1.0,0.0,0.0,71.0,4.5
3.3648648,1.0,0.0,1.0,0.0,0.0,71.0,4.5
3.3693693,1.0,0.0,1.0,0.0,0.0,71.0,4.5
3.373874,1.0,0.0,1.0,0.0,0.0,71.0,4.5
3.3783784,1.0,0.0,1.0,0.0,0.0,71.0,4.5
3.3828828,1.0,0.0,1.0,0.0,0.0,71.0,4.5
3.3873873,1.0,0.0,1.0,0.0,0.0,71.0,4.5
3.391892,1.0,0.0,1.0,0.0,0.0,71.0,4.5
3.3963964,1.0,0.0,1.0,0.0,0.0,71.0,4.5
3.4009008,1.0,0.0,1.0,0.0,0.0,71.0,4.5
3.4054055,1.0,0.0,1.0,0.0,0.0,71.0,4.5
3.40991,1.0,0.0,1.0,0.0,0.0,71.0,4.5
3.4144144,1.0,0.0,1.0,0.0,0.0,71.0,4.5
3.4189188,1.0,0.0,1.0,0.0,0.0,71.0,4.5
3.4234235,1.0,0.0,1.0,0.0,0.0,71.0,4.5
3.427928,1.0,0.0,1.0,0.0,0.0,71.0,4.5
3.4324324,1.0,0.0,1.0,0.0,0.0,71.0,4.5
3.4369369,1.0,0.0,1.0,0.0,0.0,71.0,4.5
3.4414415,1.0,0.0,1.0,0.0,0.0,71.0,4.5
3.445946,1.0,0.0,1.0,0.0,0.0,71.0,4.5
3.4504504,1.0,0.0,1.0,0.0,0.0,71.0,4.5
3.4549549,1.0,0.0,1.0,0.0,0.0,71.0,4.5
3.4594595,1.0,0.0,1.0,0.0,0.0,71.0,4.5
3.463964,1.0,0.0,1.0,0.0,0.0,71.0,4.5
3.4684684,1.0,0.0,1.0,0.0,0.0,71.0,4.5
3.4729729,1.0,0.0,1.0,0.0,0.0,71.0,4.5
3.4774776,1.0,0.0,1.0,0.0,0.0,71.0,4.5
3.481982,1.0,0.0,1.0,0.0,0.0,71.0,4.5
3.4864864,1.0,0.0,1.0,0.0,0.0,71.0,4.5
3.4909909,1.0,0.0,1.0,0.0,0.0,71.0,4.5
3.4954956,1.0,0.0,1.0,0.0,0.0,71.0,4.5
3.5,1.0,0.0,1.0,0.0,0.0,71.0,4.5
3.5045044,1.0,0.0,1.0,0.0,0.0,71.0,4.5
3.5090091,1.0,0.0,1.0,0.0,0.0,71.0,4.5
3.5135136,1.0,0.0,1.0,0.0,0.0,71.0,4.5
3.518018,1.0,0.0,1.0,0.0,0.0,71.0,4.5
3.5225224,1.0,0.0,1.0,0.0,0.0,71.0,4.5
3.5270271,1.0,0.0,1.0,0.0,0.0,71.0,4.5
3.5315316,1.0,0.0,1.0,0.0,0.0,71.0,4.5
3.536036,1.0,0.0,1.0,0.0,0.0,71.0,4.5
3.5405405,1.0,0.0,1.0,0.0,0.0,71.0,4.5
3.5450451,1.0,0.0,1.0,0.0,0.0,71.0,4.5
3.5495496,1.0,0.0,1.0,0.0,0.0,71.0,4.5
3.554054,1.0,0.0,1.0,0.0,0.0,71.0,4.5
3.5585585,1.0,0.0,1.0,0.0,0.0,71.0,4.5
3.5630631,1.0,0.0,1.0,0.0,0.0,71.0,4.5
3.5675676,1.0,0.0,1.0,0.0,0.0,71.0,4.5
3.572072,1.0,0.0,1.0,0.0,0.0,71.0,4.5
3.5765765,1.0,0.0,1.0,0.0,0.0,71.0,4.5
3.5810812,1.0,0.0,1.0,0.0,0.0,71.0,4.5
3.5855856,1.0,0.0,1.0,0.0,0.0,71.0,4.5
3.59009,1.0,0.0,1.0,0.0,0.0,71.0,4.5
3.5945945,1.0,0.0,1.0,0.0,0.0,71.0,4.5
3.5990992,1.0,0.0,1.0,0.0,0.0,71.0,4.5
3.6036036,1.0,0.0,1.0,0.0,0.0,71.0,4.5
3.608108,1.0,0.0,1.0,0.0,0.0,71.0,4.5
3.6126127,1.0,0.0,1.0,0.0,0.0,71.0,4.5
3.6171172,1.0,0.0,1.0,0.0,0.0,71.0,4.5
3.6216216,1.0,0.0,1.0,0.0,0.0,71.0,4.5
3.626126,1.0,0.0,1.0,0.0,0.0,71.0,4.5
3.6306307,1.0,0.0,1.0,0.0,0.0,71.0,4.5
3.6351352,1.0,0.0,1.0,0.0,0.0,71.0,4.5
3.6396396,1.0,0.0,1.0,0.0,0.0,71.0,4.5
3.644144,1.0,0.0,1.0,0.0,0.0,71.0,4.5
3.6486487,1.0,0.0,1.0,0.0,0.0,71.0,4.5
3.6531532,1.0,0.0,1.0,0.0,0.0,71.0,4.5
3.6576576,1.0,0.0,1.0,0.0,0.0,71.0,4.5
3.662162,1.0,0.0,1.0,0.0,0.0,71.0,4.5
3.6666667,1.0,0.0,1.0,0.0,0.0,71.0,4.5
3.6711712,1.0,0.0,1.0,0.0,0.0,71.0,4.5
3.6756756,1.0,0.0,1.0,0.0,0.0,71.0,4.5
3.68018,1.0,0.0,1.0,0.0,0.0,71.0,4.5
3.6846848,1.0,0.0,1.0,0.0,0.0,71.0,4.5
3.6891892,1.0,0.0,1.0,0.0,0.0,71.0,4.5
3.6936936,1.0,0.0,1.0,0.0,0.0,71.0,4.5
3.698198,1.0,0.0,1.0,0.0,0.0,71.0,4.5
3.7027028,1.0,0.0,1.0,0.0,0.0,71.0,4.5
3.7072072,1.0,0.0,1.0,0.0,0.0,71.0,4.5
3.7117116,1.0,0.0,1.0,0.0,0.0,71.0,4.5
3.7162163,1.0,0.0,1.0,0.0,0.0,71.0,4.5
3.7207208,1.0,0.0,1.0,0.0,0.0,71.0,4.5
3.7252252,1.0,0.0,1.0,0.0,0.0,71.0,4.5
3.7297297,1.0,0.0,1.0,0.0,0.0,71.0,4.5
3.7342343,1.0,0.0,1.0,0.0,0.0,71.0,4.5
3.7387388,1.0,0.0,1.0,0.0,0.0,71.0,4.5
3.7432432,1.0,0.0,1.0,0.0,0.0,71.0,4.5
3.7477477,1.0,0.0,1.0,0.0,0.0,71.0,4.5
3.7522523,1.0,0.0,1.0,0.0,0.0,71.0,4.5
3.7567568,1.0,0.0,1.0,0.0,0.0,71.0,4.5
3.7612612,1.0,0.0,1.0,0.0,0.0,71.0,4.5
3.7657657,1.0,0.0,1.0,0.0,0.0,71.0,4.5
3.7702703,1.0,0.0,1.0,0.0,0.0,71.0,4.5
3.7747748,1.0,0.0,1.0,0.0,0.0,71.0,4.5
3.7792792,1.0,0.0,1.0,0.0,0.0,71.0,4.5
3.7837837,1.0,0.0,1.0,0.0,0.0,71.0,4.5
3.7882884,1.0,0.0,1.0,0.0,0.0,71.0,4.5
3.7927928,1.0,0.0,1.0,0.0,0.0,71.0,4.5
3.7972972,1.0,0.0,1.0,0.0,0.0,71.0,4.5
3.801802,1.0,0.0,1.0,0.0,0.0,71.0,4.5
3.8063064,1.0,0.0,1.0,0.0,0.0,71.0,4.5
3.8108108,1.0,0.0,1.0,0.0,0.0,71.0,4.5
3.8153152,1.0,0.0,1.0,0.0,0.0,71.0,4.5
3.81982,1.0,0.0,1.0,0.0,0.0,71.0,4.5
3.8243244,1.0,0.0,1.0,0.0,0.0,71.0,4.5
3.8288288,1.0,0.0,1.0,0.0,0.0,71.0,4.5
3.8333333,1.0,0.0,1.0,0.0,0.0,71.0,4.5
3.837838,1.0,0.0,1.0,0.0,0.0,71.0,4.5
3.8423424,1.0,0.0,1.0,0.0,0.0,71.0,4.5
3.8468468,1.0,0.0,1.0,0.0,0.0,71.0,4.5
3.8513513,1.0,0.0,1.0,0.0,0.0,71.0,4.5
3.855856,1.0,0.0,1.0,0.0,0.0,71.0,4.5
3.8603604,1.0,0.0,1.0,0.0,0.0,71.0,4.5
3.8648648,1.0,0.0,1.0,0.0,0.0,71.0,4.5
3.8693693,1.0,0.0,1.0,0.0,0.0,71.0,4.5
3.873874,1.0,0.0,1.0,0.0,0.0,71.0,4.5
3.8783784,1.0,0.0,1.0,0.0,0.0,71.0,4.5
3.8828828,1.0,0.0,1.0,0.0,0.0,71.0,4.5
3.8873873,1.0,0.0,1.0,0.0,0.0,71.0,4.5
3.891892,1.0,0.0,1.0,0.0,0.0,71.0,4.5
3.8963964,1.0,0.0,1.0,0.0,0.0,71.0,4.5
3.9009008,1.0,0.0,1.0,0.0,0.0,71.0,4.5
3.9054055,1.0,0.0,1.0,0.0,0.0,71.0,4.5
3.90991,1.0,0.0,1.0,0.0,0.0,71.0,4.5
3.9144144,1.0,0.0,1.0,0.0,0.0,71.0,4.5
3.9189188,1.0,0.0,1.0,0.0,0.0,71.0,4.5
3.9234235,1.0,0.0,1.0,0.0,0.0,71.0,4.5
3.927928,1.0,0.0,1.0,0.0,0.0,71.0,4.5
3.9324324,1.0,0.0,1.0,0.0,0.0,71.0,4.5
3.9369369,1.0,0.0,1.0,0.0,0.0,71.0,4.5
3.9414415,1.0,0.0,1.0,0.0,0.0,71.0,4.5
3.945946,1.0,0.0,1.0,0.0,0.0,71.0,4.5
3.9504504,1.0,0.0,1.0,0.0,0.0,71.0,4.5
3.9549549,1.0,0.0,1.0,0.0,0.0,71.0,4.5
3.9594595,1.0,0.0,1.0,0.0,0.0,71.0,4.5
3.963964,1.0,0.0,1.0,0.0,0.0,71.0,4.5
3.9684684,1.0,0.0,1.0,0.0,0.0,71.0,4.5
3.9729729,1.0,0.0,1.0,0.0,0.0,71.0,4.5
3.9774776,1.0,0.0,1.0,0.0,0.0,71.0,4.5
3.981982,1.0,0.0,1.0,0.0,0.0,71.0,4.5
3.9864864,1.0,0.0,1.0,0.0,0.0,71.0,4.5
3.9909909,1.0,0.0,1.0,0.0,0.0,71.0,4.5
3.9954956,1.0,0.0,1.0,0.0,0.0,71.0,4.5
4.0,1.0,0.0,1.0,0.0,0.0,71.0,4.5
4.0045047,1.0,0.0,1.0,0.0,0.0,71.0,4.5
4.009009,1.0,0.0,1.0,0.0,0.0,71.0,4.5
4.0135136,1.0,0.0,1.0,0.0,0.0,71.0,4.5
4.0180182,1.0,0.0,1.0,0.0,0.0,71.0,4.5
4.0225224,1.0,0.0,1.0,0.0,0.0,71.0,4.5
4.027027,1.0,0.0,1.0,0.0,0.0,71.0,4.5
4.0315313,1.0,0.0,1.0,0.0,0.0,71.0,4.5
4.036036,1.0,0.0,1.0,0.0,0.0,71.0,4.5
4.0405407,1.0,0.0,1.0,0.0,0.0,71.0,4.5
4.045045,1.0,0.0,1.0,0.0,0.0,71.0,4.5
4.0495496,1.0,0.0,1.0,0.0,0.0,71.0,4.5
4.0540543,1.0,0.0,1.0,0.0,0.0,71.0,4.5
4.0585585,1.0,0.0,1.0,0.0,0.0,71.0,4.5
4.063063,1.0,0.0,1.0,0.0,0.0,71.0,4.5
4.0675673,1.0,0.0,1.0,0.0,0.0,71.0,4.5
4.072072,1.0,0.0,1.0,0.0,0.0,71.0,4.5
4.0765767,1.0,0.0,1.0,0.0,0.0,71.0,4.5
4.081081,1.0,0.0,1.0,0.0,0.0,71.0,4.5
4.0855856,1.0,0.0,1.0,0.0,0.0,71.0,4.5
4.0900903,1.0,0.0,1.0,0.0,0.0,71.0,4.5
4.0945945,1.0,0.0,1.0,0.0,0.0,71.0,4.5
4.099099,1.0,0.0,1.0,0.0,0.0,71.0,4.5
4.103604,1.0,0.0,1.0,0.0,0.0,71.0,4.5
4.108108,1.0,0.0,1.0,0.0,0.0,71.0,4.5
4.1126127,1.0,0.0,1.0,0.0,0.0,71.0,4.5
4.117117,1.0,0.0,1.0,0.0,0.0,71.0,4.5
4.1216216,1.0,0.0,1.0,0.0,0.0,71.0,4.5
4.1261263,1.0,0.0,1.0,0.0,0.0,71.0,4.5
4.1306305,1.0,0.0,1.0,0.0,0.0,71.0,4.5
4.135135,1.0,0.0,1.0,0.0,0.0,71.0,4.5
4.13964,1.0,0.0,1.0,0.0,0.0,71.0,4.5
4.144144,1.0,0.0,1.0,0.0,0.0,71.0,4.5
4.1486487,1.0,0.0,1.0,0.0,0.0,71.0,4.5
4.153153,1.0,0.0,1.0,0.0,0.0,71.0,4.5
4.1576576,1.0,0.0,1.0,0.0,0.0,71.0,4.5
4.1621623,1.0,0.0,1.0,0.0,0.0,71.0,4.5
4.1666665,1.0,0.0,1.0,0.0,0.0,71.0,4.5
4.171171,1.0,0.0,1.0,0.0,0.0,71.0,4.5
4.175676,1.0,0.0,1.0,0.0,0.0,71.0,4.5
4.18018,1.0,0.0,1.0,0.0,0.0,71.0,4.5
4.1846848,1.0,0.0,1.0,0.0,0.0,71.0,4.5
4.189189,1.0,0.0,1.0,0.0,0.0,71.0,4.5
4.1936936,1.0,0.0,1.0,0.0,0.0,71.0,4.5
4.1981983,1.0,0.0,1.0,0.0,0.0,71.0,4.5
4.2027025,1.0,0.0,1.0,0.0,0.0,71.0,4.5
4.207207,1.0,0.0,1.0,0.0,0.0,71.0,4.5
4.211712,1.0,0.0,1.0,0.0,0.0,71.0,4.5
4.216216,1.0,0.0,1.0,0.0,0.0,71.0,4.5
4.220721,1.0,0.0,1.0,0.0,0.0,71.0,4.5
4.2252254,1.0,0.0,1.0,0.0,0.0,71.0,4.5
4.2297297,1.0,0.0,1.0,0.0,0.0,71.0,4.5
4.2342343,1.0,0.0,1.0,0.0,0.0,71.0,4.5
4.2387385,1.0,0.0,1.0,0.0,0.0,71.0,4.5
4.243243,1.0,0.0,1.0,0.0,0.0,71.0,4.5
4.247748,1.0,0.0,1.0,0.0,0.0,71.0,4.5
4.252252,1.0,0.0,1.0,0.0,0.0,71.0,4.5
4.256757,1.0,0.0,1.0,0.0,0.0,71.0,4.5
4.2612615,1.0,0.0,1.0,0.0,0.0,71.0,4.5
4.2657657,1.0,0.0,1.0,0.0,0.0,71.0,4.5
4.2702703,1.0,0.0,1.0,0.0,0.0,71.0,4.5
4.2747746,1.0,0.0,1.0,0.0,0.0,71.0,4.5
4.279279,1.0,0.0,1.0,0.0,0.0,71.0,4.5
4.283784,1.0,0.0,1.0,0.0,0.0,71.0,4.5
4.288288,1.0,0.0,1.0,0.0,0.0,71.0,4.5
4.292793,1.0,0.0,1.0,0.0,0.0,71.0,4.5
4.2972975,1.0,0.0,1.0,0.0,0.0,71.0,4.5
4.3018017,1.0,0.0,1.0,0.0,0.0,71.0,4.5
4.3063064,1.0,0.0,1.0,0.0,0.0,71.0,4.5
4.310811,1.0,0.0,1.0,0.0,0.0,71.0,4.5
4.3153152,1.0,0.0,1.0,0.0,0.0,71.0,4.5
4.31982,1.0,0.0,1.0,0.0,0.0,71.0,4.5
4.324324,1.0,0.0,1.0,0.0,0.0,71.0,4.5
4.328829,1.0,0.0,1.0,0.0,0.0,71.0,4.5
4.3333335,1.0,0.0,1.0,0.0,0.0,71.0,4.5
4.3378377,1.0,0.0,1.0,0.0,0.0,71.0,4.5
4.3423424,1.0,0.0,1.0,0.0,0.0,71.0,4.5
4.346847,1.0,0.0,1.0,0.0,0.0,71.0,4.5
4.3513513,1.0,0.0,1.0,0.0,0.0,71.0,4.5
4.355856,1.0,0.0,1.0,0.0,0.0,71.0,4.5
4.36036,1.0,0.0,1.0,0.0,0.0,71.0,4.5
4.364865,1.0,0.0,1.0,0.0,0.0,71.0,4.5
4.3693695,1.0,0.0,1.0,0.0,0.0,71.0,4.5
4.3738737,1.0,0.0,1.0,0.0,0.0,71.0,4.5
4.3783784,1.0,0.0,1.0,0.0,0.0,71.0,4.5
4.382883,1.0,0.0,1.0,0.0,0.0,71.0,4.5
4.3873873,1.0,0.0,1.0,0.0,0.0,71.0,4.5
4.391892,1.0,0.0,1.0,0.0,0.0,71.0,4.5
4.396396,1.0,0.0,1.0,0.0,0.0,71.0,4.5
4.400901,1.0,0.0,1.0,0.0,0.0,71.0,4.5
4.4054055,1.0,0.0,1.0,0.0,0.0,71.0,4.5
4.4099097,1.0,0.0,1.0,0.0,0.0,71.0,4.5
4.4144144,1.0,0.0,1.0,0.0,0.0,71.0,4.5
4.418919,1.0,0.0,1.0,0.0,0.0,71.0,4.5
4.4234233,1.0,0.0,1.0,0.0,0.0,71.0,4.5
4.427928,1.0,0.0,1.0,0.0,0.0,71.0,4.5
4.4324327,1.0,0.0,1.0,0.0,0.0,71.0,4.5
4.436937,1.0,0.0,1.0,0.0,0.0,71.0,4.5
4.4414415,1.0,0.0,1.0,0.0,0.0,71.0,4.5
4.4459457,1.0,0.0,1.0,0.0,0.0,71.0,4.5
4.4504504,1.0,0.0,1.0,0.0,0.0,71.0,4.5
4.454955,1.0,0.0,1.0,0.0,0.0,71.0,4.5
4.4594593,1.0,0.0,1.0,0.0,0.0,71.0,4.5
4.463964,1.0,0.0,1.0,0.0,0.0,71.0,4.5
4.4684687,1.0,0.0,1.0,0.0,0.0,71.0,4.5
4.472973,1.0,0.0,1.0,0.0,0.0,71.0,4.5
4.4774776,1.0,0.0,1.0,0.0,0.0,71.0,4.5
4.4819818,1.0,0.0,1.0,0.0,0.0,71.0,4.5
4.4864864,1.0,0.0,1.0,0.0,0.0,71.0,4.5
4.490991,1.0,0.0,1.0,0.0,0.0,71.0,4.5
4.4954953,1.0,0.0,1.0,0.0,0.0,71.0,4.5
4.5,1.0,0.0,1.0,0.0,0.0,71.0,4.5
4.5045047,1.0,0.0,1.0,0.0,0.0,71.0,4.5
4.509009,1.0,0.0,1.0,0.0,0.0,71.0,4.5
4.5135136,1.0,0.0,1.0,0.0,0.0,71.0,4.5
4.5180182,1.0,0.0,1.0,0.0,0.0,71.0,4.5
4.5225224,1.0,0.0,1.0,0.0,0.0,71.0,4.5
4.527027,1.0,0.0,1.0,0.0,0.0,71.0,4.5
4.5315313,1.0,0.0,1.0,0.0,0.0,71.0,4.5
4.536036,1.0,0.0,1.0,0.0,0.0,71.0,4.5
4.5405407,1.0,0.0,1.0,0.0,0.0,71.0,4.5
4.545045,1.0,0.0,1.0,0.0,0.0,71.0,4.5
4.5495496,1.0,0.0,1.0,0.0,0.0,71.0,4.5
4.5540543,1.0,0.0,1.0,0.0,0.0,71.0,4.5
4.5585585,1.0,0.0,1.0,0.0,0.0,71.0,4.5
4.563063,1.0,0.0,1.0,0.0,0.0,71.0,4.5
4.5675673,1.0,0.0,1.0,0.0,0.0,71.0,4.5
4.572072,1.0,0.0,1.0,0.0,0.0,71.0,4.5
4.5765767,1.0,0.0,1.0,0.0,0.0,71.0,4.5
4.581081,1.0,0.0,1.0,0.0,0.0,71.0,4.5
4.5855856,1.0,0.0,1.0,0.0,0.0,71.0,4.5
4.5900903,1.0,0.0,1.0,0.0,0.0,71.0,4.5
4.5945945,1.0,0.0,1.0,0.0,0.0,71.0,4.5
4.599099,1.0,0.0,1.0,0.0,0.0,71.0,4.5
4.603604,1.0,0.0,1.0,0.0,0.0,71.0,4.5
4.608108,1.0,0.0,1.0,0.0,0.0,71.0,4.5
4.6126127,1.0,0.0,1.0,0.0,0.0,71.0,4.5
4.617117,1.0,0.0,1.0,0.0,0.0,71.0,4.5
4.6216216,1.0,0.0,1.0,0.0,0.0,71.0,4.5
4.6261263,1.0,0.0,1.0,0.0,0.0,71.0,4.5
4.6306305,1.0,0.0,1.0,0.0,0.0,71.0,4.5
4.635135,1.0,0.0,1.0,0.0,0.0,71.0,4.5
4.63964,1.0,0.0,1.0,0.0,0.0,71.0,4.5
4.644144,1.0,0.0,1.0,0.0,0.0,71.0,4.5
4.6486487,1.0,0.0,1.0,0.0,0.0,71.0,4.5
4.653153,1.0,0.0,1.0,0.0,0.0,71.0,4.5
4.6576576,1.0,0.0,1.0,0.0,0.0,71.0,4.5
4.6621623,1.0,0.0,1.0,0.0,0.0,71.0,4.5
4.6666665,1.0,0.0,1.0,0.0,0.0,71.0,4.5
4.671171,1.0,0.0,1.0,0.0,0.0,71.0,4.5
4.675676,1.0,0.0,1.0,0.0,0.0,71.0,4.5
4.68018,1.0,0.0,1.0,0.0,0.0,71.0,4.5
4.6846848,1.0,0.0,1.0,0.0,0.0,71.0,4.5
4.689189,1.0,0.0,1.0,0.0,0.0,71.0,4.5
4.6936936,1.0,0.0,1.0,0.0,0.0,71.0,4.5
4.6981983,1.0,0.0,1.0,0.0,0.0,71.0,4.5
4.7027025,1.0,0.0,1.0,0.0,0.0,71.0,4.5
4.707207,1.0,0.0,1.0,0.0,0.0,71.0,4.5
4.711712,1.0,0.0,1.0,0.0,0.0,71.0,4.5
4.716216,1.0,0.0,1.0,0.0,0.0,71.0,4.5
4.720721,1.0,0.0,1.0,0.0,0.0,71.0,4.5
4.7252254,1.0,0.0,1.0,0.0,0.0,71.0,4.5
4.7297297,1.0,0.0,1.0,0.0,0.0,71.0,4.5
4.7342343,1.0,0.0,1.0,0.0,0.0,71.0,4.5
4.7387385,1.0,0.0,1.0,0.0,0.0,71.0,4.5
4.743243,1.0,0.0,1.0,0.0,0.0,71.0,4.5
4.747748,1.0,0.0,1.0,0.0,0.0,71.0,4.5
4.752252,1.0,0.0,1.0,0.0,0.0,71.0,4.5
4.756757,1.0,0.0,1.0,0.0,0.0,71.0,4.5
4.7612615,1.0,0.0,1.0,0.0,0.0,71.0,4.5
4.7657657,1.0,0.0,1.0,0.0,0.0,71.0,4.5
4.7702703,1.0,0.0,1.0,0.0,0.0,71.0,4.5
4.7747746,1.0,0.0,1.0,0.0,0.0,71.0,4.5
4.779279,1.0,0.0,1.0,0.0,0.0,71.0,4.5
4.783784,1.0,0.0,1.0,0.0,0.0,71.0,4.5
4.788288,1.0,0.0,1.0,0.0,0.0,71.0,4.5
4.792793,1.0,0.0,1.0,0.0,0.0,71.0,4.5
4.7972975,1.0,0.0,1.0,0.0,0.0,71.0,4.5
4.8018017,1.0,0.0,1.0,0.0,0.0,71.0,4.5
4.8063064,1.0,0.0,1.0,0.0,0.0,71.0,4.5
4.810811,1.0,0.0,1.0,0.0,0.0,71.0,4.5
4.8153152,1.0,0.0,1.0,0.0,0.0,71.0,4.5
4.81982,1.0,0.0,1.0,0.0,0.0,71.0,4.5
4.824324,1.0,0.0,1.0,0.0,0.0,71.0,4.5
4.828829,1.0,0.0,1.0,0.0,0.0,71.0,4.5
4.8333335,1.0,0.0,1.0,0.0,0.0,71.0,4.5
4.8378377,1.0,0.0,1.0,0.0,0.0,71.0,4.5
4.8423424,1.0,0.0,1.0,0.0,0.0,71.0,4.5
4.846847,1.0,0.0,1.0,0.0,0.0,71.0,4.5
4.8513513,1.0,0.0,1.0,0.0,0.0,71.0,4.5
4.855856,1.0,0.0,1.0,0.0,0.0,71.0,4.5
4.86036,1.0,0.0,1.0,0.0,0.0,71.0,4.5
4.864865,1.0,0.0,1.0,0.0,0.0,71.0,4.5
4.8693695,1.0,0.0,1.0,0.0,0.0,71.0,4.5
4.8738737,1.0,0.0,1.0,0.0,0.0,71.0,4.5
4.8783784,1.0,0.0,1.0,0.0,0.0,71.0,4.5
4.882883,1.0,0.0,1.0,0.0,0.0,71.0,4.5
4.8873873,1.0,0.0,1.0,0.0,0.0,71.0,4.5
4.891892,1.0,0.0,1.0,0.0,0.0,71.0,4.5
4.896396,1.0,0.0,1.0,0.0,0.0,71.0,4.5
4.900901,1.0,0.0,1.0,0.0,0.0,71.0,4.5
4.9054055,1.0,0.0,1.0,0.0,0.0,71.0,4.5
4.9099097,1.0,0.0,1.0,0.0,0.0,71.0,4.5
4.9144144,1.0,0.0,1.0,0.0,0.0,71.0,4.5
4.918919,1.0,0.0,1.0,0.0,0.0,71.0,4.5
4.9234233,1.0,0.0,1.0,0.0,0.0,71.0,4.5
4.927928,1.0,0.0,1.0,0.0,0.0,71.0,4.5
4.9324327,1.0,0.0,1.0,0.0,0.0,71.0,4.5
4.936937,1.0,0.0,1.0,0.0,0.0,71.0,4.5
4.9414415,1.0,0.0,1.0,0.0,0.0,71.0,4.5
4.9459457,1.0,0.0,1.0,0.0,0.0,71.0,4.5
4.9504504,1.0,0.0,1.0,0.0,0.0,71.0,4.5
4.954955,1.0,0.0,1.0,0.0,0.0,71.0,4.5
4.9594593,1.0,0.0,1.0,0.0,0.0,71.0,4.5
4.963964,1.0,0.0,1.0,0.0,0.0,71.0,4.5
4.9684687,1.0,0.0,1.0,0.0,0.0,71.0,4.5
4.972973,1.0,0.0,1.0,0.0,0.0,71.0,4.5
4.9774776,1.0,0.0,1.0,0.0,0.0,71.0,4.5
4.9819818,1.0,0.0,1.0,0.0,0.0,71.0,4.5
4.9864864,1.0,0.0,1.0,0.0,0.0,71.0,4.5
4.990991,1.0,0.0,1.0,0.0,0.0,71.0,4.5
4.9954953,1.0,0.0,1.0,0.0,0.0,71.0,4.5
5.0,1.0,0.0,1.0,0.0,0.0,71.0,4.5
