,Iteration,Log mean,Log std.,ID 1,ID 2
0,500,2.6860178608250584,0.1296263497984441,-0.13079124715481955,0.2045951094404311
1,501,2.6403474849641526,0.11804921314005067,0.7229105955201255,-1.0545531903758816
2,502,2.663926057469564,0.08118254501877523,0.7292093541218319,0.6872654861270827
3,503,2.64609507600662,0.10511388265760149,1.0839232199332975,0.43391236447461623
4,504,2.6657124681461064,0.09528930176796291,1.6012074932670735,1.0493878030058847
5,505,2.6669480699271593,0.12030780852356569,-1.0362650495044234,-0.5189320579946914
6,506,2.6964017358935166,0.0823488032890673,0.00548793138478481,-2.058349575816629
7,507,2.6841293569735765,0.07791803381522706,0.44258439475722494,-3.514360427391377
8,508,2.644769096098673,0.09935911379092716,0.4773425015849637,0.17004412082018885
9,509,2.7006642042116877,0.08822363278847806,0.9250237513056058,-1.415888860309607
10,510,2.6386225391117786,0.07092886552304187,-0.29172641010049005,-0.22610889504662254
11,511,2.696301714692124,0.09049698214950799,1.7281148377615134,-0.04722788622439021
12,512,2.6881636517506666,0.11535271849911136,0.6408496995151314,-0.26035585361404756
13,513,2.642273780222557,0.11350774658741207,0.5253916567579904,-0.6739525383341458
14,514,2.659838899304065,0.08987747161434576,1.4582281596254556,0.07076682747249388
15,515,2.6852180933064553,0.1090497786025909,1.0791079269460468,0.20939858210870543
16,516,2.656968135786378,0.11948956204880071,1.306740867250082,-0.5105045399192353
17,517,2.6698160500115833,0.0816725636084537,1.4658573291699641,0.3611580921606759
18,518,2.6368399022996525,0.11015554730888853,2.179613905246869,0.3388718191774559
19,519,2.6971232245418086,0.08794444970126367,-0.6490353750557324,-1.3996761748980209
20,520,2.674792274210079,0.11784490699560415,0.28076144395181335,-0.6900086438810533
21,521,2.6354370389099757,0.09253521783519414,0.8100838747853913,0.8376517016055242
22,522,2.69391615427989,0.10910038641077512,0.9871816461468323,-0.6779277428697558
23,523,2.6386546825528634,0.07761907214292005,0.023344294590424836,0.29777988846361103
24,524,2.683187345531096,0.09436709181665295,1.8392821628362312,-1.6808796773752364
25,525,2.6391476176075264,0.08917262868183501,-2.03221796284974,-0.13793309279593113
26,526,2.6942515164521015,0.07396645042682898,1.4016250610938585,-1.382248045398054
27,527,2.6835200784504045,0.09154350308438823,1.4075066856167653,-0.9383463068425858
28,528,2.636004387245098,0.10068957302276667,0.3964978294517115,0.02642360340634848
29,529,2.6652066631542266,0.08045481506334495,0.699709952597297,0.05735529708637892
30,530,2.654352972434203,0.11111890304802303,1.026817007216723,0.12913163552845558
31,531,2.663007659879296,0.09614131129767768,0.685505717974834,-0.13891704397215046
32,532,2.6619912574645146,0.09725254831094272,1.1471159263183366,-0.2622344109416957
33,533,2.6625310634003987,0.10532208664673649,-0.2554548789408304,0.1013185306070891
34,534,2.650949875204894,0.1084322735032554,2.3107227911409742,-0.29013084146297763
35,535,2.6701677576322878,0.10032290001776564,-0.6416891516576336,0.3918349278459824
36,536,2.6320399582956995,0.10520395975583177,-0.3000002749345058,-0.22211024963036857
37,537,2.6874458706718287,0.08129975404004995,0.9555103515800496,-0.44739462536485075
38,538,2.6522557291545406,0.0915593990385349,-0.07927631658114925,0.0688374059429043
39,539,2.6584379664014426,0.0895664167417549,1.5152257391844057,-0.7729122686696437
40,540,2.6755427182220823,0.09480826805707813,-0.16720602038637672,-0.4213605778908864
41,541,2.671697862028097,0.07672831050659036,2.4075032244437486,-1.6529477614423822
42,542,2.652711205293525,0.08612056779721275,-0.47015901667505655,2.2572181628596866
43,543,2.644006352827019,0.10335635165230854,-0.5658887603313163,2.2233066148310674
44,544,2.659045880340301,0.09664025449709412,0.6391690153687839,-0.7824269272329112
45,545,2.663972442610034,0.093731869880093,0.5550189804822214,0.33547393208206006
46,546,2.6615339550597272,0.10595915907065691,0.10857937291683725,-1.7263281245504898
47,547,2.670804605285826,0.08300755767700431,1.9226440505019728,1.5970625402007013
48,548,2.6669921721383196,0.11303051472279857,0.7581018907452566,-0.38124508939374757
49,549,2.6670244462738912,0.09680955213300002,0.2757348260228185,0.11728629819290838
50,550,2.646544383731524,0.10261137132904528,0.558756633437151,-0.39789767843146956
51,551,2.6609782756506477,0.08533683122861432,-0.40314232294765223,-0.3806032936730305
52,552,2.6774557519042133,0.07854734865727826,1.623734198555625,0.12276049090375796
53,553,2.65909210383479,0.10225176209196099,-0.0051969261032651926,1.11545990126603
54,554,2.662128511320979,0.07329300774087653,-0.0374604220669873,-0.9173354190374947
55,555,2.667020765296074,0.08718118615886318,1.2066038705671607,0.9403145700060868
56,556,2.634639938146306,0.10594886452217572,-0.30682238212189494,-0.09352276678529325
57,557,2.664429890996139,0.07465491751586582,-0.15847678756210293,-0.22394305005457052
58,558,2.673353208361536,0.10633637168400954,1.3309370524705415,-0.2555341265610409
59,559,2.656442523061611,0.09999365446874442,0.622242327121379,0.42254583548367275
60,560,2.648688379856572,0.10127592974725717,0.3429550245562351,0.48822449123991685
61,561,2.665518480401127,0.11187319132680602,1.847267168882296,1.0106480097989965
62,562,2.6603503280077185,0.11134397714322608,0.9443871258232959,-0.5420501095229507
63,563,2.6562587752154987,0.10473491226838619,0.7544103079940615,-1.9877962857353386
64,564,2.6775524831307083,0.10759542286368305,0.44558874202563853,-1.9535944934441356
65,565,2.6476619725207198,0.09104616270129161,1.128402718962311,0.7444193114222473
66,566,2.6946161751023854,0.08141288662209364,0.20382589453535258,0.9740069871234673
67,567,2.648970043689023,0.10772284878584923,-0.4053896106602947,0.4222655212947103
68,568,2.7145244361584995,0.10445627782265719,1.2798494843371717,-0.5206107148210519
69,569,2.678090360919919,0.10812598648179893,0.25893049180690986,1.4192451737701022
70,570,2.650126229902619,0.1149998597737134,1.7684360243531367,0.4600007245480232
71,571,2.6966638307858557,0.09789109393122777,0.7489557894405162,0.30757573951101097
72,572,2.6774061604869157,0.10414279587570513,0.6651272006044522,-1.172565896714636
73,573,2.6641337495077173,0.08721688493581588,0.17630093243887252,-1.2338550595898823
74,574,2.6730583717134846,0.08622058506824731,0.5418149859560214,0.022561193761919562
75,575,2.6667320414523417,0.08426829352797198,0.4945074056546515,-0.6699863369818504
76,576,2.635849122998545,0.07234074056476805,0.36646194123842013,1.9836984984616781
77,577,2.636810377848848,0.09083403037269387,-0.0796388718439816,1.3678601461028634
78,578,2.7083367239644627,0.1080566328940172,0.4321469838879699,-0.624710470867151
79,579,2.6077529233142323,0.08243052634355912,0.32392819761986896,0.692508017700937
80,580,2.7129921818353107,0.1528250339477524,1.3140232407737609,-0.2653092616355952
81,581,2.708899628294383,0.15073198386852113,1.0424921643832867,-0.20829033717135964
82,582,2.7017045866984284,0.15474129100718303,0.47808724004673314,1.1207936276145267
83,583,2.636460367069772,0.060570387114835145,1.0355668119995847,-2.1070297354676217
84,584,2.6358903329034633,0.09855861537921394,0.08181712000182104,-0.22370350174715303
85,585,2.687138966233809,0.12085355635872663,1.8530418682469953,-0.37486581555046283
86,586,2.6350886122460526,0.0884263346505124,-0.6195276661112131,0.37115060471345096
87,587,2.6775428719722787,0.09180220556613566,1.514383202537556,-0.42620910048637883
88,588,2.6745734799701935,0.08204970948481823,1.4954942785730125,-0.07425864605045898
89,589,2.649985959800999,0.09750996618531405,-0.3958900759127664,-1.6741897599100126
90,590,2.68648308982998,0.09787165312976008,2.155113062678482,1.3641519498745251
91,591,2.638377495216295,0.10038220905380751,-0.21736780143876602,0.19204535316732688
92,592,2.668485730837126,0.08703248982897227,0.7591445259940358,-0.17303725631112646
93,593,2.65132961559506,0.09837385110523897,1.3888522042231528,0.7344140173490689
94,594,2.6687691890541667,0.1287960501044213,-0.26207470685586676,-0.9122491623653075
95,595,2.6741191590026108,0.08145615573637359,1.0236654211592122,0.790066625838207
96,596,2.67286204312216,0.09487262839351428,-0.07161163481852903,-1.6259247663220737
97,597,2.693976318853547,0.11263005668360239,1.1533756161624502,-1.1868334144304609
98,598,2.6532076833411122,0.09339787665726182,-0.14857672547707718,-0.8611506711301188
99,599,2.6841408222605185,0.0879870118133696,1.398631344093146,0.09629304921165716
100,600,2.648455658881199,0.09150372569164347,-0.39975291335821866,-0.5273010960960629
101,601,2.6601159962033525,0.10230739676345581,0.5646746615557446,-0.49300430058813594
102,602,2.6607456151024005,0.09890056428292428,0.2042156426287618,0.5205832840102299
103,603,2.7102757319314223,0.11264021575957125,1.4874250961891706,-1.0435514672670048
104,604,2.6737309460365317,0.11091444052125855,1.5409541230773456,-1.7957644044178556
105,605,2.6415189951427855,0.06986961569580825,-1.3270319075973704,1.128351449821641
106,606,2.6764418313535336,0.08312997309461498,0.5239823312447225,-0.41424814353249
107,607,2.6622137170480924,0.11576992086256942,0.533997198720258,0.5442984749637434
108,608,2.6818848810622713,0.07914695576943519,0.7407800657621902,-0.22815392912740584
109,609,2.630406394741888,0.07658369550663126,0.5580654221760427,1.548635737626174
110,610,2.657035466092429,0.10069886681952862,0.27188097021417557,-0.41335087416915894
111,611,2.6715287853861525,0.09702903470246198,1.0470690148276849,-0.5212913863493442
112,612,2.681248050044285,0.09994069607811804,0.6003681924961761,-0.11335237572941478
113,613,2.6263999496106343,0.09435406235144274,1.5672653164227521,-0.3922685555966092
114,614,2.6588452824975812,0.11147432062030027,-0.41998752560142255,0.166807370372746
115,615,2.677276406899577,0.0912429643729853,-0.5519436934708137,-0.5579005786769607
116,616,2.678392598487162,0.11268597765796763,1.5561962203585604,-0.07009274257112605
117,617,2.6687695054801175,0.10406298406567205,-0.7101315572727472,-0.423530985586956
118,618,2.6673906763675164,0.11259990637226856,2.4850001183839177,0.23754024098246934
119,619,2.653536509593708,0.07300367926200176,-1.1714016564742782,-0.25993871908987554
120,620,2.6630557733407976,0.12938374677649528,0.15646818070153254,1.223902491286061
121,621,2.6859794764326095,0.13019903775752006,1.363866688310997,1.4167316813222945
122,622,2.6416329184653193,0.0970499830419976,-0.6395013604743124,-1.7291383833980398
123,623,2.681318623808236,0.08171076528819696,1.1949438920898314,1.1373571535378593
124,624,2.6755467720594424,0.09573335634525118,0.37335778555796484,-3.212200303102608
125,625,2.695079114607757,0.08148301529237978,-1.539062271449756,-1.2153389563972532
126,626,2.6504590879459444,0.1260491188067738,2.9486862837354,1.0206394712724498
127,627,2.6771974595610333,0.13458402754702994,-0.7278700753331081,-0.12326869492353851
128,628,2.6492686848791993,0.11214831204386475,1.672624112877381,-1.0228998067413362
129,629,2.6276538400087057,0.1059174387829021,-0.09406368065104022,-0.006067835599046806
130,630,2.6831596506128794,0.12395181033293669,0.4054709257365508,-0.9295831689782532
131,631,2.657526983411788,0.10937368492768927,-0.6539236691004225,0.18580055739647916
132,632,2.6927841809304707,0.09573691039759527,0.7795835153820911,0.4568792419532851
133,633,2.6338224289048813,0.10090747103078493,-1.416884332459338,-0.04757748268170921
134,634,2.689959893748413,0.12521266365940914,2.741531108612929,0.2095715088606644
135,635,2.6852774265224157,0.09833004061216889,-1.4482764364880498,-0.8045718797899405
136,636,2.639603181568677,0.09252892367523512,0.7724652282017962,0.08766469772627364
137,637,2.684363680730787,0.1281205505498742,0.45429511864505145,-0.396041494189727
138,638,2.643588502508881,0.0682136805232583,0.9190898609489817,0.5147762360385921
139,639,2.663627442522856,0.11329278683110208,0.8509459574397007,0.9793947885847625
140,640,2.6568685834437,0.10638355081059121,1.2643745522720748,0.8391224955028258
141,641,2.6597120672387664,0.0853679517071405,0.032810974501587556,-0.9015230915950194
142,642,2.6562294508632656,0.13191342052732521,0.9370033690481072,0.9237251010821003
143,643,2.6925547842034234,0.08352760487272508,-0.692853407427526,-0.1446653142988982
144,644,2.6652278725066383,0.09438013507257988,0.9662295773682623,0.4519252378866201
145,645,2.645186504489452,0.08431957198617283,0.25716665910458464,-0.905128012510429
146,646,2.669807858582202,0.09658815331976184,2.4020290734009238,-0.08396225584973488
147,647,2.669401010322135,0.08359778826778519,-0.38384043183833344,-1.239016374822547
148,648,2.6427989268882017,0.1088698391396174,0.36357007404207187,-0.1013885577205429
149,649,2.6313453510483265,0.08719528985808919,0.8764563005202265,0.520636296107601
150,650,2.6485144883075815,0.10078066076679534,0.3212997755216914,-1.1945962620137356
151,651,2.6425618035317453,0.09711562114049158,0.21094042618532174,-0.8558492395842316
152,652,2.6493090097451257,0.12177660424032652,0.48523751324151665,-1.2379105373813994
153,653,2.6802221262305586,0.09209625819843421,0.2267558996990482,0.9474522971112229
154,654,2.6478257573237496,0.11644279624446727,0.5841515174672178,-0.662843053517363
155,655,2.67051787027007,0.0809920935755385,1.243726219045461,1.3431794514827944
156,656,2.65285917466605,0.09549477198047707,0.21008899523859093,-1.7369326566049996
157,657,2.6742886795316365,0.10067440446774269,0.9237255748465419,-1.3079048079307891
158,658,2.6294312076337496,0.11376262845731444,0.07341033173080405,-0.7865642542123052
159,659,2.646467276522663,0.11025170231304902,-0.16027674660251334,0.37346008766456706
160,660,2.663964948981956,0.09382002773507246,1.3001217176919615,-0.9310060906169845
161,661,2.670458619725143,0.09285901780380859,0.4112302541565438,0.10051372599333944
162,662,2.6481784721393926,0.10852636179594859,1.7526091746635453,-1.8221034392126132
163,663,2.6968178292712754,0.06899316181558529,-0.43380221480564285,2.0864835350330666
164,664,2.644056177110801,0.11757790403018022,-0.29295514368232356,-2.2419739969611387
165,665,2.66385734760346,0.09361909884182497,-0.7868182814850128,2.557141533501538
166,666,2.6796493070878658,0.0975964526329646,-0.4546061281921504,2.472233186739577
167,667,2.62528016609634,0.08632919167382311,2.275266920440824,-1.0205936888187637
168,668,2.681504033235273,0.107933117668132,-1.299648330607496,1.1982057940537145
169,669,2.6434373411291365,0.08222314723683824,1.8953132918282753,-1.5523461952812905
170,670,2.687041904918559,0.11205396971757701,0.0877180198203141,0.7510940181664941
171,671,2.639132453979659,0.10128757584713181,0.9395653048879073,-0.27513062659982745
172,672,2.667466676144441,0.12611961388664614,0.728341522825265,1.163440070621491
173,673,2.648282154451098,0.08507778636777588,1.633526985897933,-1.0561415840697204
174,674,2.6488425505085673,0.08595391000848354,-0.8959783996974761,-0.9732267876006445
175,675,2.6859476768403066,0.10844435599478894,0.4170222429633513,-1.543011819741432
176,676,2.658947302765139,0.07170053986468253,-0.23539341650296375,-0.345112188846581
177,677,2.656761845408769,0.07073166200966927,0.4221263884486133,-0.3559777367924603
178,678,2.6715877999863973,0.11270678962439387,0.3139381082327069,-0.5690272103214921
179,679,2.662669938498507,0.08730147303170718,-0.2599660477418021,-0.263199178767745
180,680,2.650923925179134,0.10978920639942616,-0.33702328889360467,-0.5495652493529564
181,681,2.670958005215318,0.10110947233341551,1.1494235195508333,0.29242458056069826
182,682,2.6527364792856503,0.09193036448251664,0.27164036589294027,-0.5587260002292374
183,683,2.659329738401624,0.12059378299620616,0.9653715679756991,-0.10968464750231066
184,684,2.6744655548928145,0.11311541738320409,-0.7794203441255708,-0.7244693773262322
185,685,2.6693295948218094,0.10341231533620043,1.9175242489471782,0.6867338488843107
186,686,2.6347277950782586,0.08584011155343658,-0.08880311066933344,0.8568786763065704
187,687,2.633799793669295,0.0860513995363606,-0.41064377053449674,0.799080853743504
188,688,2.6701195359489334,0.0992201486919398,-0.820703577225788,-0.7482125738322623
189,689,2.6560265892745707,0.10033874895966428,0.927552473964818,-0.7527430584749024
190,690,2.6966772898195597,0.10849489995981208,-0.06814816750645968,-0.1402053984074661
191,691,2.6925771008304524,0.11373008687207325,1.4003786826099636,0.5916563681272268
192,692,2.6418631843434777,0.1342161210251182,-0.551199116079572,0.4425015382574972
193,693,2.6805633687540156,0.10618309610956728,2.1880509917749302,-0.5926099504733673
194,694,2.672466071191206,0.08506350928396837,0.7744248972745456,0.3956051645082416
195,695,2.6763594993515074,0.11062539103699993,1.6622483737001295,-1.5471983118611468
196,696,2.7059413448502507,0.09303625230085373,0.6603514871935355,-0.2981731795480688
197,697,2.622613156966538,0.07432745635321529,0.16514959695509568,0.7066354482487499
198,698,2.628571069667018,0.08868898029695554,0.9130973299170098,-0.3737500812057545
199,699,2.645093962371459,0.07258727103477985,1.6342122117621705,1.1014629528694073
200,700,2.678079940640428,0.1020212102386735,-0.919468100412682,-2.4600250398402568
201,701,2.6740445182245436,0.10416950495665461,-0.5171246612509915,-0.14605442899980633
202,702,2.6559132684291207,0.11267656669339154,0.7412251593785679,-0.8361072063172568
203,703,2.678404092365283,0.0842814237138293,0.035840668356565304,-0.21261721850814613
204,704,2.6181566798956526,0.1077299016611521,0.995249304894487,-0.14300231408857977
205,705,2.7069941580369146,0.11796451136923103,-0.2622910631619255,0.6928866505269518
206,706,2.7050554012481,0.11782937654554028,-0.375374183912449,0.8130201433083137
207,707,2.691868396960107,0.12172663981246037,1.517359967664874,-0.2977548554836975
208,708,2.627505295499701,0.07817385225311203,0.20187300601441016,0.3739888661958401
209,709,2.697102979037591,0.11889720369399379,-0.006429616174297201,-0.09603030209981284
210,710,2.639880899647518,0.0881723988606673,1.7415642592238323,-0.22886698666128225
211,711,2.6478251979226486,0.09547249253828174,1.2473116243514462,-0.06889331434587898
212,712,2.6713601083360365,0.10753279426945152,0.75474766664182,-2.141654015658346
213,713,2.6704292281577264,0.11000347532513714,0.8228440405002868,-2.1669868128375778
214,714,2.6351134402835634,0.11520782135043316,0.9815239299274885,1.9686033189510244
215,715,2.6477605847969232,0.11002264095786869,0.751105682584478,1.378982797145678
216,716,2.6939322558915584,0.09524362233318538,1.4462121635471017,-1.5535596441226491
217,717,2.6478928338763876,0.10886273377981784,-1.0113242938442661,0.7088724815953179
218,718,2.677988502307724,0.09993099244328346,1.2164062175833972,-0.4390418420824722
219,719,2.6323851867676167,0.13030640043265793,0.8270532277856307,0.7146647000564131
220,720,2.704627337525316,0.06928869781600584,0.31949431701874853,-1.3754217529651855
221,721,2.667601722064444,0.08916304757872136,2.619832835431472,-0.9568521460214336
222,722,2.653294911264042,0.09040052155243392,-1.6458649708121618,0.14690269592627928
223,723,2.6653200241392736,0.11218617764361329,0.507512273616213,-0.3515153613457774
224,724,2.6479496495525843,0.10632561506068544,0.22675857376613712,0.5618542924356968
225,725,2.66328525126548,0.10566756245052146,0.46464989443001814,0.11454047704656058
226,726,2.663827946214747,0.09773848906056914,0.9555793918961291,-0.5645052967984799
227,727,2.6556814843174856,0.11120487165205158,0.11795340447581404,0.7884894870604999
228,728,2.6776067799948353,0.0856789234783241,0.29073850644284716,2.7609180044236923
229,729,2.6267213296799516,0.10056510077613394,1.4452741001454361,-0.22880853237405768
230,730,2.694019461045829,0.07848872599730175,-0.8410854556474292,0.4598452507510218
231,731,2.633930818326702,0.10008805207094469,0.04708874112117579,-0.9479542524133084
232,732,2.6673442622358063,0.1008677390213539,0.6407928550356453,0.5863045309138205
233,733,2.6357491096685495,0.08493515326136068,0.9097936369394363,-1.5064992503792125
234,734,2.7008185693200155,0.08617005750855664,-1.2434200007170944,-0.4230226893346355
235,735,2.618904799180282,0.1143131873593826,2.4004852393753353,0.749469534430816
236,736,2.7033901857461835,0.07345244003421339,-1.0631350260846055,-1.8677224203867706
237,737,2.6955850463862894,0.09226289291819025,-0.7875293835287933,-1.3518481522456052
238,738,2.6341158850366004,0.1071165601305862,1.4045486094705644,0.348448502516824
239,739,2.677191504207537,0.11852585458936765,-0.4133592972471084,-0.12326942053818347
240,740,2.6593878395159227,0.08524232691662212,0.9443153667817222,-0.35095125266261923
241,741,2.623406616691401,0.08889026075985378,1.1714422100277724,-1.3782739879919388
242,742,2.6483520547792208,0.1106681998403141,0.6876131264996992,-0.764936547951568
243,743,2.6810762303071227,0.09169377971441586,1.8054274214995352,0.3419638034381098
244,744,2.6861576675889025,0.07731825799092011,-0.6224873000159892,-0.9714934587387473
245,745,2.647154899926488,0.11388481789016995,1.812015707869697,-0.38208020126135817
246,746,2.6717706282337463,0.072057488609922,0.8392065173382134,-0.5179300413915603
247,747,2.6570323216136065,0.1199532193905236,1.3442833605726863,-0.8344718603582458
248,748,2.6653832705254916,0.07734811283257957,-0.1503396708357328,1.5615362313288323
249,749,2.6552535829099733,0.11959565793204152,1.2235657491325713,-0.15512094214160166
250,750,2.6277453856440767,0.12976525351328358,1.8106128821109717,0.0435655984826882
251,751,2.665618367921008,0.0880781733888489,1.9570451799364477,1.3654203850108122
252,752,2.690396937495478,0.10564833644873788,-0.43202725030799105,-1.162577032060841
253,753,2.647518315806105,0.09054814019688003,1.4627196083154115,0.47076781141262825
254,754,2.6943893033135042,0.08279183892508639,-0.46423536297235507,-2.016030335867961
255,755,2.6937939001953275,0.10066204356571688,-0.8048084798229681,-1.022408176786859
256,756,2.6481567753146042,0.11383777499684207,1.7609924503067456,0.4159998962630629
257,757,2.6456027020924178,0.09068208820076588,0.9995305884228292,-0.0779742920072619
258,758,2.65942325124761,0.1015757390105339,-0.3430755901253941,0.09143119621387542
259,759,2.657257962568586,0.09545657232071293,-0.749822264484668,0.33499982994126015
260,760,2.672576289991201,0.09152946156116361,1.6871321206800478,-0.6303098699627715
261,761,2.6441505439100292,0.1054302985059649,-0.37437398609878586,-0.13299918051967766
262,762,2.6503451631381334,0.09731894838675854,-0.35491147411630486,0.32639158877066865
263,763,2.651513326575925,0.1104624470419679,0.0232133863015275,-0.6926177268874371
264,764,2.6568452506533475,0.08988513525631356,0.1905673886954351,0.5150156467119075
265,765,2.6442804045950954,0.07173672036511354,1.0084985607821746,-0.6993431409381831
266,766,2.6581057880618073,0.11794967008748687,0.8333705068049196,-0.40561602202159786
267,767,2.651041691160979,0.09519688538249486,0.22696417336074134,-0.25809701726615447
268,768,2.6859756914376725,0.08329499607687733,1.2839347133623935,0.5325912161032089
269,769,2.6655160402425406,0.08901380905592066,0.7070732322463094,1.0616420889268894
270,770,2.673107099944881,0.09146198770445652,0.4165828316830089,1.4848727201266188
271,771,2.6678023472161554,0.0814378505751277,-0.06603113043535655,0.8910216602203924
272,772,2.6650896486854396,0.08062123919695914,0.30424709137035655,0.8722619182133502
273,773,2.6563774356373075,0.105704744964197,0.584996473166397,0.27689366616720745
274,774,2.6584481674573075,0.10805200266648148,1.4886685897758285,-0.6587289970002999
275,775,2.6716720381486447,0.10818640503928825,-1.8219610606761605,-0.14650234196371964
276,776,2.6687651243396386,0.11115776283227088,-1.5526452878519652,-0.17999178911565963
277,777,2.6744361035936377,0.09709425397825597,3.1622124536558673,-0.5192537343840252
278,778,2.6404415579112963,0.10662504151406195,-1.2708403068834224,0.1367687921358901
279,779,2.704323631307731,0.11185753669010126,2.3352779651128643,-0.5659313421749632
280,780,2.6353077073198268,0.10928456761013965,0.33760259422789163,1.7083584720570266
281,781,2.6521680040806648,0.07959186960978264,0.5520298075048715,-2.3140243469724733
282,782,2.6662515833820564,0.11718951122027653,0.3924794177088215,1.235253668136961
283,783,2.6505342084064516,0.0822759237818231,0.4301567756671144,-1.5607907200616555
284,784,2.6582451612005427,0.11306123416968551,1.004053588847692,0.9580407338377678
285,785,2.6688914775869397,0.10292102755275336,-1.8959774109407839,-1.7348767057819194
286,786,2.6560596564021215,0.13042913552237012,1.767440894611023,1.273860148844839
287,787,2.673551449287784,0.08636256810810553,-1.054036910876794,-0.21912023634356184
288,788,2.6282301716037972,0.09530238270227007,1.3550174273191085,-1.8185363124724545
289,789,2.6901337924753097,0.10983929502414704,-0.37385628244011637,-1.969731209856743
290,790,2.629796918208595,0.10655117325161571,1.3069405069352509,1.2421820150510494
291,791,2.664413512406745,0.09774061969581527,-0.14917554334254157,0.45512293822789923
292,792,2.667009044577542,0.07678469851611139,1.171449762953891,-0.7152202914318319
293,793,2.656828079878448,0.07599254937736048,1.779632813447101,0.2613022151224928
294,794,2.6356941445167097,0.09927092285062597,-0.7216871006234502,-0.8051992032288761
295,795,2.661269389313333,0.11175628869465977,-0.8059943526858059,0.2282942930697174
296,796,2.666979789848169,0.09888811324281345,1.6291583652511346,-1.185524813644271
297,797,2.673406140817914,0.08224263018778608,-1.4810128738761208,0.2260438461617183
298,798,2.6476839198170263,0.09289494741468617,1.4176531213061232,-0.9628060127692042
299,799,2.683369426075584,0.1004496639237308,0.7360708344550869,0.4105532392890889
300,800,2.6332046654077232,0.09293113219979861,0.23191003244416902,-1.0593073448456445
301,801,2.6578151722418957,0.08790268832320675,1.044130658876823,0.4364014156295617
302,802,2.685697747665842,0.07818995080740176,1.0201389183880043,-0.5368173985094499
303,803,2.6263035936477577,0.10901727710649542,1.686840972379279,-0.352463505948072
304,804,2.700628124993996,0.08545604308189941,-0.037816091014745194,0.06336949866816179
305,805,2.616952692321766,0.09391770623531003,-0.08454674415483329,-1.0360247573464885
306,806,2.697942260796058,0.09340999592795021,0.30366639198136325,1.0356815248877609
307,807,2.630584026767487,0.10529419393880099,0.775247600917503,-0.876475920946439
308,808,2.690249230732593,0.13613062072780394,0.15157561600348443,2.0740879639237852
309,809,2.6399717386875112,0.10810486089397124,-0.27669425743555986,0.8320271259506175
310,810,2.677986768988118,0.10356691720494293,1.6352895112971628,-1.5925006424987183
311,811,2.6792335125389894,0.11390219269832019,1.0092211264066147,0.6479141132048495
312,812,2.6544498312272147,0.0799032803572445,0.8507782121358103,-1.2724007935751165
313,813,2.6622509047327956,0.10522317907719024,-0.06178414049503365,-0.7628375942255867
314,814,2.64620722031685,0.09807130962106504,0.39118190677388304,-1.247124598232739
315,815,2.6480896575254964,0.088130048444887,0.23742198057447508,-1.6250131822570022
316,816,2.6550127851973606,0.09750278778253829,0.9589487412169473,-2.1311832218142164
317,817,2.655218106299886,0.11493029776149141,0.8933264342328638,-1.70255575301556
318,818,2.66872687536427,0.12117755169206339,-0.6964955291497934,0.7305409768955318
319,819,2.6781484913399596,0.09244173687987835,2.325084500518888,-1.0620720796880219
320,820,2.658451726770984,0.11583664698273699,-1.3647007962954756,0.7456660151562713
321,821,2.665655917753663,0.10567610992870435,2.5877845822168526,-0.6672796125316989
322,822,2.6515300472049543,0.11189992317751284,-1.0885840559792515,0.457160044899048
323,823,2.656888687753844,0.09315322461478502,1.028118478857337,0.15965709576642675
324,824,2.6470459442000016,0.0976409033183127,2.6200209720757406,0.3692184422982065
325,825,2.6576272176025353,0.10949457417576665,-0.75902163138258,-1.0694881289589846
326,826,2.6692770293582075,0.1339736153401737,0.898771265941725,-0.17652597546614854
327,827,2.661899274604119,0.11481110644806986,1.0408902681352588,-0.12541186825503636
328,828,2.6607795481645526,0.09071897668176598,1.2637721148786176,0.30381212491894427
329,829,2.646748372389786,0.09236394397603374,1.0148026922519342,-0.04560915121157297
330,830,2.7092174313768482,0.08113597988499212,0.13558825957418708,-0.12218690009052202
331,831,2.7041349303391793,0.07565264625088348,0.42047099013408606,-0.9038248693872354
332,832,2.6585073769306864,0.0989716805185809,0.19682861626967585,0.2569348873676698
333,833,2.665175949063421,0.10760033629070523,0.04468897855193662,-0.6463621659191646
334,834,2.668686559189733,0.1099057115298135,-0.4156662043045221,-0.8026397446615751
335,835,2.6504077806821003,0.10222400413412068,1.4518728175808253,0.1247499189489326
336,836,2.6820035245896907,0.08991475476812427,0.6929887083553417,-0.2132090880982929
337,837,2.6695361286388026,0.07726729921026566,0.18700751787993541,-0.38493988216078445
338,838,2.670190376300802,0.08490549364843165,0.4063037483968483,0.049765319727156615
339,839,2.6649499099792013,0.08565362996546283,1.545075355353286,-1.3549404468714845
340,840,2.6442158061787464,0.09491588892580419,0.702139104771586,-1.853930369509707
341,841,2.68001178887796,0.09087437797163044,-0.07542801611636603,0.8880699879837759
342,842,2.6380479703802737,0.08631225695729894,0.8738685850446383,-0.18865321334760274
343,843,2.658764451734711,0.08990564953649352,2.420372171794437,-0.3838263306733627
344,844,2.6608584428266076,0.10852981532392976,1.075770147179384,0.08025481397542762
345,845,2.6602425515136674,0.10588468882633495,0.4794726507200863,-1.2061673284948524
346,846,2.727214026705935,0.11214113478783246,0.41153570861711863,-0.6969388372124015
347,847,2.6029282598957786,0.10941243185559792,0.839972345706531,0.6936812299929569
348,848,2.717723393782103,0.07663053943917932,0.6958714901894092,-0.5819098654189894
349,849,2.6245595423386083,0.10171810603824331,-0.4370614445418292,-2.315393902284793
350,850,2.701009484036172,0.08849542173238983,1.231942261140216,1.465171898021367
351,851,2.6296953737801654,0.1151466623219734,0.2911206200268065,-2.053491004465849
352,852,2.6783882210100103,0.1024655158926173,-0.3869036344490429,-1.6208163093717116
353,853,2.6642648488510385,0.08894249638510691,-0.47479746154380253,0.49035923224340655
354,854,2.6887524300153163,0.11397813699219678,0.23688348191272313,-0.05444157675491104
355,855,2.639454829421126,0.10508112602522439,1.3511337084819373,-0.06775684283684055
356,856,2.64254694587569,0.09398178288415736,-1.337277979991403,-0.5608882058875174
357,857,2.643369887495624,0.09570162808773908,-1.574466852605582,-0.7040486589962046
358,858,2.6830651901285405,0.11199873247852439,2.0315323309833535,-0.3512460226807216
359,859,2.684038619479159,0.11046511126478177,0.04108998834164601,-0.12217494091831982
360,860,2.6468907913097706,0.08775837627870424,1.3894190139146034,-0.2183677869255984
361,861,2.6507755738161736,0.11185291333442236,0.9242727310230157,-0.8406564655388556
362,862,2.6393135644230385,0.07761121370569829,-0.24273081030402835,0.1231408942495765
363,863,2.680281067505248,0.09569119493130553,2.2684620325171587,0.751944119467286
364,864,2.666076131276997,0.09352101569101198,2.0671638502579155,-0.997237440644824
365,865,2.6651105468770417,0.12905957103292004,-0.7073392480415717,0.9834896207365378
366,866,2.6320024273777056,0.11744595026679551,2.0759711252688917,-1.2407867994974742
367,867,2.669114208086073,0.11744488715304996,1.2156052685447032,-1.2594890588298713
368,868,2.641136250273774,0.0907110223730775,-0.18054230924283182,0.33382334813339476
369,869,2.6614440536127497,0.0992747143119236,1.7910810000033368,0.25119453329012764
370,870,2.6697926673603205,0.1022046165738203,0.8126199828512494,-0.7869957157542855
371,871,2.6699469979004844,0.09327321148661673,0.3110763428970609,-0.8507287312798539
372,872,2.6695080484683635,0.08992397484042232,0.381633981241736,-1.1596994299602272
373,873,2.657479138140703,0.1064266466258697,0.8820250794949119,1.8153491870431933
374,874,2.643986184371074,0.0975053473070686,0.47865293602475684,0.5407645626827602
375,875,2.6804726388274527,0.0764865827621519,0.29826079317664045,-1.0082547994311486
376,876,2.6794219488509943,0.13702887580099513,0.665896505686157,0.9774933657923912
377,877,2.666334543240675,0.08466006242818536,-0.8624047826355148,-0.6610517085141583
378,878,2.663803822434481,0.10608656536519287,1.1757843586446834,-0.36150158452701975
379,879,2.6329058500314972,0.0896847075980449,-0.03327803267956061,-2.240146048272764
380,880,2.6432822377923206,0.08834582983118495,-1.0543711877538422,-1.7651236879139112
381,881,2.6778287499781244,0.07066086179936773,0.19550746913369976,-1.878511653755511
382,882,2.643680437892699,0.1158098312781118,1.241657618567874,1.436911015351364
383,883,2.656428319916132,0.10750946427111993,0.6698055077495575,-0.05636809566504816
384,884,2.65461192816867,0.11785798303345714,1.6317411095171186,-0.24811639258009047
385,885,2.614971216314337,0.08610988597370292,-0.06512077182836942,0.18515472770715413
386,886,2.7114990483865986,0.1080899137413425,0.07009925120379096,-0.9964291696732661
387,887,2.61034398608252,0.123069259615959,1.3732346315666581,0.25282432891366713
388,888,2.6927344361726466,0.11589754418845212,0.5383597676508098,-0.08511482630301606
389,889,2.670781118756117,0.13969244414623025,0.28112341970063487,-1.2412036945664862
390,890,2.662118347978572,0.0907209693823186,-0.4677800967942821,0.11293179288784924
391,891,2.6692593512795835,0.09791477675435054,-0.4050174470143104,0.32744614727570087
392,892,2.6967804650601037,0.09843148360494468,0.4937826295279736,-0.9160404331818371
393,893,2.62427877029327,0.08653071227364932,0.7417356646795299,1.2444891794130923
394,894,2.6921591491900756,0.0841918174532968,0.0674021609638315,-1.350117567873915
395,895,2.640392041684268,0.11293703177147346,0.8529590633435149,0.5163216153425201
396,896,2.6834191097159215,0.08810722354322353,1.2048474138224956,-0.5795386501900787
397,897,2.6870450984738183,0.09654290733206648,1.436545027843571,-0.9124222629117439
398,898,2.6302645020229107,0.11234969159896196,-0.40595902836159065,-0.29185700962571615
399,899,2.691844164604233,0.08734777159154507,0.8656893478764298,0.026641456180308835
400,900,2.6346523235518564,0.10331691579474786,0.5413640958319971,-0.08303877671284846
401,901,2.6657737022251724,0.08989259315515902,-0.8807061023428643,-1.138773960121148
402,902,2.6386278909872454,0.09326934676664027,1.3467468370640319,0.5951824236644669
403,903,2.679553291176375,0.09036954522926643,0.2785846538312585,-1.1525142475535577
404,904,2.671560437168073,0.10534102667333399,-0.22646961382092132,0.10424874554753628
405,905,2.6541457925403087,0.09309241947182209,0.733019865878848,-0.49917117345135725
406,906,2.657403236502923,0.12135378937477058,0.9206047667599542,0.2874399363592857
407,907,2.673158720666412,0.13240912918094624,1.1072963635060922,1.5504972132547485
408,908,2.6602181904943674,0.12825719366237126,1.6748518213234485,1.505186012012365
409,909,2.6856104275880632,0.11744391703460334,-0.19493183003660988,0.8250002868442239
410,910,2.6747447157538633,0.0973285355143019,0.18878288505299057,-0.7946323984581118
411,911,2.6514754531704834,0.09234504432452138,0.8903851021367652,1.5468147375221883
412,912,2.6776843046916095,0.08228288047621572,1.449855968051656,0.9501388764538701
413,913,2.6483775482148597,0.09002228710301133,0.7679869228126899,0.2648452257703838
414,914,2.6570178681168577,0.11242935984294303,0.2466525532858343,-0.29451137199417315
415,915,2.655465496895825,0.08010831095223445,0.12910176026715786,0.7137905866899608
416,916,2.6445169631334617,0.10270688840264836,-0.6768036960111014,1.3015144488135357
417,917,2.6538694355688355,0.11298724804366644,-0.9789126612903964,1.5062657677434494
418,918,2.624872494105319,0.10323427396187558,-1.1561914075703912,0.4845269709920512
419,919,2.6854304776367353,0.11033206956179606,1.642519823120839,1.4623433877217296
420,920,2.6379969014747195,0.0841622277836651,0.3001603777817843,-1.799849462753892
421,921,2.6515191014658814,0.10257742250387565,0.24291245041391826,0.4183708745152689
422,922,2.615180573498143,0.10029845426384455,0.8616245971183959,-1.0975659899635497
423,923,2.7089549190719087,0.08745996193896426,-0.2772032676565286,0.5857041355779539
424,924,2.6138569968274608,0.1300968889067906,1.0316750655428533,-0.0632396876876053
425,925,2.7048557195037133,0.10513993015028684,0.6278141827938727,-1.1574144103589017
426,926,2.6285373890864383,0.11492746144006333,0.028690030253498176,1.3345380888798637
427,927,2.7017783328900173,0.10782704550389478,1.1244384559709193,-3.0882210829900787
428,928,2.6215011530534666,0.11005166821439792,1.368052100845307,0.05249227234939424
429,929,2.695690469955102,0.09306746568074369,0.2410146815573097,-0.5100898503958022
430,930,2.6576876609151516,0.0768090196074452,1.0208734332035898,-0.9027830756598485
431,931,2.66313101726361,0.11302445827043822,0.9267842496184836,-0.13847805431624138
432,932,2.652652492395064,0.09686238914436364,0.22408544572669703,-0.3310686343600381
433,933,2.656304873647437,0.0865154461198213,1.844377557078672,-0.8028677418475463
434,934,2.6255437851279497,0.10999970574396685,0.1349729779638637,-0.08622109831143929
435,935,2.698963970940773,0.07703990050640884,0.4972582689074555,-0.13964047002450497
436,936,2.6574205660305084,0.11791503271350176,-0.22397953517034802,-1.0504164988116376
437,937,2.6555329862406563,0.11255693459542349,-0.4354337188672915,-0.42334889988495017
438,938,2.6704242971405776,0.11217716976003077,2.2750391588174095,0.16475666196231076
439,939,2.6512827749631285,0.08875839213868365,-0.7153824580437967,0.12135634753735679
440,940,2.669066836912949,0.10686101570263293,0.939822875703503,-0.37568681604804816
441,941,2.650516466745181,0.09723137710643019,0.3967713747511481,-0.3704088713784964
442,942,2.672058368431013,0.09578578292283307,1.9343938991906469,0.38315697435133483
443,943,2.652046315339738,0.08873059654650116,-1.1064637983504033,-0.5836058245860808
444,944,2.656039054331579,0.11649545179454429,-0.1689718260903503,-0.8290849864975507
445,945,2.688565560607467,0.09444473136379657,0.28307585788147405,-1.4679744478476926
446,946,2.6476291606574742,0.05889875603992516,1.1724748177088467,1.6103289275439734
447,947,2.681341312425054,0.09356839371696622,0.3306951683995368,-0.9980050936162761
448,948,2.647891204439926,0.08473271762068525,0.9453851015020308,-1.3639521843382434
449,949,2.6765953573659607,0.09241650110827976,0.7578767358653471,0.44712378085442034
450,950,2.6165812152205095,0.1233497131977618,1.9754707314418025,-0.7094146606768708
451,951,2.6371752370489623,0.09559192423944508,-0.23943231657853203,-0.9796877582187757
452,952,2.6939587941831653,0.13157512916889375,0.9940409977490868,0.17996061825409768
453,953,2.6264492331662055,0.13780099715119376,0.09781659666104146,-0.2820814760631723
454,954,2.654292748784632,0.1222466367721438,-0.5933870059512162,-0.6504176184799666
455,955,2.65017461736531,0.09070027906575613,2.3081115809999124,0.13318953467177236
456,956,2.673400474477607,0.13704895127226668,-1.4846029980338638,-0.2940187499463083
457,957,2.6726061001324695,0.14072403924715343,-1.7531144137271066,-0.5811186127249531
458,958,2.665977110763574,0.13007955985315736,1.3938727391605785,-0.8085795437667005
459,959,2.684372473008618,0.12873280064972364,1.1217185512737158,-0.8467837618272533
460,960,2.6562166973349846,0.10606763698846629,0.9559945542098175,1.0959982137915079
461,961,2.6604108885061346,0.09755152176638085,-0.08672229573294284,-1.831163127947607
462,962,2.672476902477186,0.10861500824935802,0.6745473596058805,1.3323280473372698
463,963,2.669050890812994,0.10667221060449898,0.4883647948764315,-1.5573204212292155
464,964,2.659469786974713,0.07472749985560746,0.44338140948528987,0.8953238803812381
465,965,2.6549234913842814,0.09245597893263396,0.6863994531343913,-0.49154618177146653
466,966,2.6697711122108743,0.08788867254595786,0.4415390120750999,0.28169893049951855
467,967,2.666690082109805,0.10496649332885655,0.1365635631656104,-0.2822417970352413
468,968,2.6516529974210234,0.0987806024283612,-0.2187029372864367,-0.26376890860969643
469,969,2.6547461289368934,0.10251511368986757,-0.15336204571213405,-0.2696110036322644
470,970,2.6372617501098006,0.08536830399253467,0.30094455763743816,-0.6953166120481264
471,971,2.6318252998864664,0.08408243221363898,0.3375861930461013,-0.252734165976822
472,972,2.6846300808459644,0.10178268476710513,0.8970465010507147,0.6559107904892064
473,973,2.644449312118323,0.13976979956400415,0.08458370558142383,0.06710986365946642
474,974,2.66810309112598,0.075262003735461,1.5726739488573762,-0.5742252157353008
475,975,2.647469826548249,0.1081611851463201,0.5415006466791958,-0.9419768666265229
476,976,2.6789961869910615,0.07089881874322525,1.1256184720638975,1.1754074856056018
477,977,2.6499568207976107,0.12075774683082048,-0.6566660079545531,-1.7146296269393246
478,978,2.6602459207780424,0.08891928078624572,0.4831846542665838,-0.8306327960267276
479,979,2.670154223017771,0.08121377052188006,-1.0159263819598117,-0.47363880347713727
480,980,2.6663370182192025,0.08338609307898284,-0.30881686870062525,1.7754983515890743
481,981,2.6626731078925436,0.09053889704697082,-0.5742272866287376,1.285344192251062
482,982,2.657499346545602,0.10084625812197213,1.7975200464515193,-1.7663029627731686
483,983,2.6971883683024775,0.11386947657921766,-0.840172978629919,0.6499668357339489
484,984,2.625729327440043,0.10324467643409357,0.7299034790878096,0.6483490376343
485,985,2.668258205230551,0.09998867704688079,0.40281406304538453,0.7604818596454207
486,986,2.6624784607605347,0.13092561506457043,0.5645407299113204,-0.14656685870147285
487,987,2.6635536479791706,0.09046084511339597,1.942831056798298,-0.8760248539906932
488,988,2.673853504178852,0.12540410687758133,2.292493737520388,-1.470552351144447
489,989,2.638145598691569,0.11868183128702965,1.985032446611136,0.4518910708176436
490,990,2.6974404597425443,0.11050383410580414,1.0784988245735514,0.44457447330523453
491,991,2.6573924908532116,0.07676827527374812,-0.4719029549236274,-0.7597135466674876
492,992,2.6583226585572604,0.09924563051101723,0.9615141330462351,1.3616748056841812
493,993,2.6685858709919104,0.0895383563551213,0.015170394137754749,-0.9796150116977086
494,994,2.675642423338357,0.08474985315574941,0.6068425351091469,-1.4680955233484991
495,995,2.653485003155281,0.10058414203385993,-1.029454539310125,0.20060937955814115
496,996,2.6714191991301632,0.10144009848883216,2.0369969523936278,-1.19175141989139
497,997,2.6370260349075174,0.10725588611208418,-0.8005146850497135,1.6351578556153916
498,998,2.6822322902506994,0.09323907864148386,2.0622486319814057,-2.11349032316417
499,999,2.649323917392875,0.11143632199114263,-0.8382565318139749,0.7310747270934955
500,1000,2.656886537871597,0.10677071559493179,-0.982824658682908,1.2717988800027693
501,1001,2.64979122365891,0.1440952158471187,1.3252481493854344,-0.7323793989661974
502,1002,2.6836170729383615,0.14621676300892433,1.261374964295963,-0.888290657821041
503,1003,2.6817450439517283,0.12959243301798185,0.688307019745524,-0.06531564604699291
504,1004,2.6461873784091736,0.12184443406344685,1.8649311256993757,-0.9052348226188118
505,1005,2.6657231337270875,0.11674621217660647,1.4929136269001486,-0.578316770346377
506,1006,2.673243240719193,0.13015277352272028,-0.030797108308616546,-0.16338520409687546
507,1007,2.660974021078717,0.08841155418395875,1.6202345108691496,0.11349449919757724
508,1008,2.665954830033074,0.11223595170842432,-0.28439802246555995,0.08344560313214264
509,1009,2.6844535275450414,0.1317637472967194,0.5765966906263004,-0.28602349710647584
510,1010,2.660333607877917,0.12301078650681829,1.4292641745244206,-0.40413157134184957
511,1011,2.6543692686850595,0.10094773008271492,0.3394122957489831,1.0846150697427461
512,1012,2.650162220187102,0.06833513070526562,1.2352873013281243,-0.44012004293881496
513,1013,2.6678404592251534,0.09322527507929676,0.9587989682533529,-0.6350332222678895
514,1014,2.6490002254127787,0.12290535560315419,-0.08751618075722974,1.6071966580346453
515,1015,2.66548556193175,0.12227339689440264,1.8799797422890012,-1.042519643141523
516,1016,2.6546686965214583,0.12920851834505856,1.9930094413933703,2.9437164134781058
517,1017,2.678802561033107,0.09119023468373678,-0.7405403124264314,-0.6666082558880395
518,1018,2.662513962174222,0.11653178663741245,1.657767174499286,-0.5273562905729666
519,1019,2.682398655685265,0.07729733124713396,-0.37509717558062816,0.7636614873304901
520,1020,2.657942084273183,0.11338786472671109,1.0400481872130067,-0.7585732801171973
521,1021,2.6584608106460936,0.10066694097588716,1.0034053607039455,-0.24040915057927392
522,1022,2.6840137399903745,0.12138319443208985,-2.0389032650098957,-0.1912893117854087
523,1023,2.649790562370704,0.09958835072814616,3.1338448035045565,-0.2732063849550869
524,1024,2.6576626042817533,0.12226398190118376,-1.2604586299008451,-0.5870798218928727
525,1025,2.6690562177315726,0.0870395209695253,2.4011533681384183,0.0014800332493522263
526,1026,2.653377670397395,0.07382764874948047,1.476864485984115,0.8555081284937085
527,1027,2.6652927992258353,0.15080073353170656,0.5727300047952186,-0.9032057405150781
528,1028,2.6611747514384607,0.08972147689050132,1.2331819600393472,-0.03955870808601602
529,1029,2.668941285803224,0.0891326669197653,-0.2558071413837052,0.03062337069904384
530,1030,2.6475229392015143,0.09445362711925334,1.1986892726152096,0.1964633484618399
531,1031,2.6682570205095097,0.11389062205711481,1.5010045546126818,0.4839532484604181
532,1032,2.63386623995471,0.08891325788001313,0.14910173306419533,-0.7832440290535144
533,1033,2.6080006680854204,0.11172744961952358,1.9819361356815668,-0.0011595964858700514
534,1034,2.72716417152305,0.07690219219988027,-1.2567126878654313,0.027585233882413976
535,1035,2.6384253623988596,0.10808809269719413,1.671785138065565,-2.4004970032734474
536,1036,2.6782790860336942,0.10297519125298067,-0.2607640060023207,-0.8356697286434618
537,1037,2.6458050104537496,0.09251547672371978,0.08299583798634752,0.1155614866844202
538,1038,2.6767917139710193,0.1045211535292475,0.7777462067481831,-0.6265106267730424
539,1039,2.651946894145273,0.09009892499578613,-1.9206595414427678,-0.5755787762676982
540,1040,2.6719957127050056,0.12131175131513108,2.1139271858419617,0.7367227442789888
541,1041,2.6528564572581295,0.08492505364646799,-0.7347211653368723,-1.1207457091339328
542,1042,2.6594643971645997,0.09988375410054487,2.4537928790550234,1.3255910742895203
543,1043,2.6681384330642204,0.11629788747855137,-1.0122462663432823,-0.6629072513631744
544,1044,2.673726071293111,0.09114973674372459,1.7484791191046294,0.39870773398536286
545,1045,2.6773103862331036,0.07981226111015115,-0.9269217544598816,-0.8478076252149362
546,1046,2.6401430124161798,0.10647936817845544,1.6119058657253527,-0.23442347372807926
547,1047,2.649231455887481,0.10571452471925263,1.520229869200756,0.11786548555964438
548,1048,2.651003481086821,0.10769192212659784,1.5895034416659228,0.11053529498530038
549,1049,2.663916124376762,0.08831615769513791,0.2866116885907085,-0.36441748974938143
550,1050,2.6482442384906104,0.10538983239229495,1.3526307809010054,-0.4662935180828614
551,1051,2.6579768974083056,0.1101478363869787,-0.9390542301007915,-0.8912815808988725
552,1052,2.6710538372826274,0.09618655687975446,1.9346205757315216,0.3828026154378031
553,1053,2.6528356731796596,0.14205612535160533,0.7904792951043935,0.0519100260533384
554,1054,2.669059520664325,0.0782892988269576,0.818354456284832,0.47103105808680873
555,1055,2.6500271289670043,0.10344450616946668,-0.26085800449286617,0.6874398423068668
556,1056,2.6823249187910574,0.08245975650853304,0.6951928674529086,-1.1166382651304845
557,1057,2.658459083046132,0.12070546517503514,0.6723878516018923,0.3474992751869568
558,1058,2.648040945149557,0.15048317914190698,0.036437361876039076,0.5172863709466279
559,1059,2.6677819329626473,0.0961414726176943,1.7779850686019223,-0.5872818536681051
560,1060,2.677110905756239,0.1085686849075515,-0.37328167259027745,0.7398278819327789
561,1061,2.6689766614543733,0.0907480667343184,1.1180550770086541,-1.3339658172409343
562,1062,2.6576249899199156,0.130767053963765,-0.47954496828574833,0.2619335553067656
563,1063,2.658616442487181,0.11682937600331715,-0.31010223404367016,-0.15555823167466423
564,1064,2.6660767852413736,0.08353056004934553,1.4745452736423925,-0.05283867642792274
565,1065,2.6578624009293446,0.07413704957352427,-0.33154329936118754,0.6244798336630071
566,1066,2.66016675109531,0.11971864503548417,0.9747300268293002,0.0032391168365353273
567,1067,2.6524154380001064,0.1107990691492506,1.8877037844775395,-0.11901161119276737
568,1068,2.6443749095126536,0.10987502797603382,1.8717780026877089,0.035203760582105253
569,1069,2.661354749047333,0.12725924066172045,1.7380121300597888,0.24850556866769938
570,1070,2.660890789309149,0.0912892070930051,-1.0613355855420834,0.3328974369242718
571,1071,2.6538670759919145,0.10304622482106374,1.2666351598800023,-0.6362350774294638
572,1072,2.658080651656157,0.1246261019068971,1.2571321194315952,-0.9592462589395827
573,1073,2.66692079888986,0.12482323303739952,-0.6192882730517197,0.7472304849049163
574,1074,2.676193398487591,0.10315788094450634,2.8015905055364017,-0.14658162189486046
575,1075,2.633309298776706,0.09131593288303837,-1.0920831010290093,-0.5417064961258305
576,1076,2.68546024935525,0.10262145387483111,1.7619469628605635,-0.08168824341009853
577,1077,2.6486556267535803,0.09467623914124988,-0.21249178747549116,-0.379444233758821
578,1078,2.6644441473761744,0.10250585175412602,0.6521562225245172,0.010943642393830395
579,1079,2.6705154683170917,0.10843514510505811,0.5228229100069736,-0.08009755922470944
580,1080,2.652733663038542,0.11214218187653532,1.193996818735751,0.23626617244762832
581,1081,2.6757050159925897,0.11099118665821082,0.6092957177258707,-0.2570474110649969
582,1082,2.6945561486696894,0.09783135805113105,-0.16289297109791534,0.44696267836650627
583,1083,2.662095215080169,0.08805162057586631,0.621621128841696,-0.44633058542683834
584,1084,2.653976988777789,0.08720191516832057,0.18278188420357436,-0.4886369048894208
585,1085,2.6750541804737487,0.09626476178039928,-0.35807678656786657,-0.7194709901417846
586,1086,2.6600411146709626,0.10034471229571704,1.2273054638536516,-0.11351064298370406
587,1087,2.64432496509848,0.10832172679295524,0.2799900680666127,0.2797930480741224
588,1088,2.67534169982223,0.08840680796157724,0.4250936880102001,0.07684956339137561
589,1089,2.6720621157445654,0.08703867483946043,-0.22702060653039957,0.39606441061658765
590,1090,2.6533115246290273,0.10462132271701047,0.508453462860083,-0.36557683304929556
591,1091,2.680093912938724,0.10714878573732503,-0.4021490260074917,1.7112207501909582
592,1092,2.6619414160940087,0.11800983388327278,0.6563790749480142,0.22200199291753892
593,1093,2.644049736656861,0.08642091747140598,0.248154288048013,-1.1584773631982452
594,1094,2.697347904980361,0.09969571977753974,1.1299559829159447,0.13990562013511465
595,1095,2.636455796676382,0.11543424011164158,0.9985921119285633,-1.2639095405451128
596,1096,2.6384097743052055,0.1319171877233092,1.632044145189918,-0.3265661003355246
597,1097,2.6742372916405066,0.09212040041670516,-0.1021658489162306,-0.4834957077943162
598,1098,2.6364516772060522,0.10985168511572556,0.5983104983496577,1.0212302759286467
599,1099,2.680742054087276,0.09019946950570017,0.7989277077501156,-1.4022948042270078
600,1100,2.642469212956844,0.10456649423921353,0.5624654307015413,1.2450590562990254
601,1101,2.6851931367149384,0.09315767253417637,1.1106243928021051,-1.3389727154637703
602,1102,2.6376266892340947,0.09969946292169268,0.8702549030148311,0.3011789474888832
603,1103,2.6606528987555103,0.10958867788020844,0.8932720739099935,-0.5419798327365519
604,1104,2.6554830399986713,0.07207723018881065,-1.226712774536293,-1.4004729122797843
605,1105,2.675933505543345,0.08011353397817209,0.5980426242775436,-0.3485053352539895
606,1106,2.684112070838213,0.08036705819816296,0.7553873478515518,-0.4986222637387946
607,1107,2.652479350485437,0.10894314507516012,-0.03726785327778223,0.11941966338864998
608,1108,2.6699642923759077,0.10118881957096597,0.8853047421678087,0.4269985423320544
609,1109,2.624228768616385,0.1095365836697649,0.3781654806359951,0.5717874576412294
610,1110,2.6913968025353965,0.09176005143675166,-0.550409401708637,-2.147737905025936
611,1111,2.657842496554869,0.12149149410125831,-0.03762415674815776,-0.352323730169955
612,1112,2.6688620581203173,0.07765354769778747,1.085033372537522,1.1958183042133688
613,1113,2.6697589399152477,0.09034412276525451,0.7126897749640534,0.6974173147898488
614,1114,2.6781766643724434,0.09255732745150547,0.8760473997952838,0.34465737335508834
615,1115,2.6411511181817997,0.11737294985071971,0.8038761206124926,-0.6960067664677037
616,1116,2.674813199495228,0.09379706001467866,0.4390168872975981,0.56342440401703
617,1117,2.6841328857719016,0.11573692319567341,1.5051794572596378,-1.2332682618450366
618,1118,2.6476623434933324,0.08191311133303263,-0.10418219650857798,0.3903711493565013
619,1119,2.71485875066747,0.10039379445639603,-0.7631055521805161,-3.0277882439545354
620,1120,2.6421282544800375,0.08810015615435746,1.7373055316831487,2.590560558178256
621,1121,2.633171052166826,0.0925372033098614,1.4538990808186516,1.316548378322586
622,1122,2.6724220777529086,0.09749917774999278,1.0292864858500084,0.3329010607695373
623,1123,2.6647478522606747,0.10873586967636463,0.669816439499842,-2.1777453715389417
624,1124,2.6698025233662777,0.10418325957586891,0.4293204468066,-2.073404583574273
625,1125,2.6378687844538287,0.08332690490852143,0.9006075887776166,1.5521864905259044
626,1126,2.6646852926400615,0.1110884864883272,0.7482673245141161,-0.8646134875748899
627,1127,2.676019073509759,0.06703445576682426,-0.0901318388717689,0.30270649061755706
628,1128,2.679335075685461,0.10199792691726713,0.853407971642547,-0.9133411314545369
629,1129,2.668337257643313,0.10140379347435151,1.0685291132197898,-1.6112310197016713
630,1130,2.65638613490651,0.11752957132439337,0.25453105398663745,1.3235401299315463
631,1131,2.6490746339846174,0.08866727227634676,0.5300800779910942,-1.8188214329174597
632,1132,2.661643368985955,0.13244543145090004,0.6273526636495932,1.1966222805793727
633,1133,2.666246410704979,0.11681162483089105,1.261537823146751,-0.4757454664422188
634,1134,2.6468766274196285,0.09717496978749024,0.7089267317291756,0.9170524273399195
635,1135,2.658545892454919,0.09053315987274466,0.6323811303295945,-0.4692789431662311
636,1136,2.6446211378779174,0.05748790180632929,1.1916465576302429,-1.0791835805551968
637,1137,2.666323152957583,0.10299363132478748,0.5765470204367622,0.40819431221890023
638,1138,2.652321006286598,0.09129400421271179,0.23826984736470466,1.2410465751055526
639,1139,2.671606833085101,0.12501521953276096,1.0703547350228366,-1.3158184770251369
640,1140,2.662566714895661,0.08420394338331397,0.736870584416842,1.3961143828237572
641,1141,2.662859372537857,0.08348926975121337,0.4729153027877985,-1.0519453863610424
642,1142,2.6449244056552956,0.10226187839822755,-0.4793251840440582,-2.3504584019633366
643,1143,2.670620739778267,0.08756622063396374,0.8952011857397729,0.502785307236969
644,1144,2.636499774222534,0.09271556563118025,0.9606997526782616,-0.6655786415783458
645,1145,2.668285702917899,0.11092148466251686,0.7879877833043891,-0.11440140258024212
646,1146,2.6587461351957953,0.10778037681631338,0.46662052972174656,-0.1626470452963884
647,1147,2.6623232375072896,0.08934170560780647,0.9073243970296461,-0.8424951641165471
648,1148,2.6575636304315506,0.12449186648168338,0.6890453637281442,0.45885639495683667
649,1149,2.6663573403123744,0.11408624183315642,-0.12828405427899814,0.23668102189749463
650,1150,2.6717946089706275,0.08989001803675974,1.0621598661686826,-0.43852484930679203
651,1151,2.6682291925769395,0.11136459575052388,-0.8926994329016757,0.3732375009221802
652,1152,2.6595559939591027,0.11322668519815007,-1.3256136205594762,-0.10421346176974072
653,1153,2.6691798897198624,0.08953018423839215,2.3742689230654435,0.7541799073317754
654,1154,2.6410508809707376,0.0912078095493092,0.4789277455764237,-0.04450656579785106
655,1155,2.683013580918794,0.10584409588305298,0.42476055615691144,0.07544007905791611
656,1156,2.64556755395131,0.10196029209740043,1.5159357366325408,1.6188132615595623
657,1157,2.660608870904389,0.11555554867052577,-0.26277981386233257,-2.637246117670261
658,1158,2.6609893756640774,0.08971421946445374,3.0025911576371422,0.9533955063600241
659,1159,2.6792991086178586,0.13896854757280494,-1.6463259943140591,-1.738723022757112
660,1160,2.6374385459793914,0.09973159776132762,2.9042519995608567,1.603095944234145
661,1161,2.6847923398580367,0.09565396083131396,-1.843730304770262,0.35607419516643046
662,1162,2.6440810440419167,0.09928779503981454,2.1801447153255813,0.7022754552594602
663,1163,2.661262062891138,0.0944801124116696,0.17394842885932485,0.9353119796335794
664,1164,2.667936050724347,0.09151308680179523,0.5717505542630111,-1.0046830179734163
665,1165,2.640017332336513,0.0931639171244189,-0.009149721447585371,0.8221644661020608
666,1166,2.675649764845623,0.08337534110448352,1.8773597478885518,1.385353815725253
667,1167,2.6457366428390765,0.08219881205370272,2.5201266712345265,0.3817267400758355
668,1168,2.667855408016924,0.0715073812835549,0.6973113015995877,1.5143665636957286
669,1169,2.676726281896154,0.09368111017987217,0.05271992829834361,-0.7895474552089505
670,1170,2.670093250029528,0.06355558403005758,1.4501607602572708,1.0685326059847997
671,1171,2.6210826241162364,0.1240085856968474,-0.6552444861116654,0.2736478613586999
672,1172,2.6903220068300517,0.08539516039658057,1.5287004569989666,-1.3406856080255756
673,1173,2.6330293127708457,0.10542282127071659,-0.10869801867286326,1.2640069025729572
674,1174,2.6947362667898203,0.09958948859569915,0.622525408625413,-1.3437389060346951
675,1175,2.6334693249382455,0.10999390585197555,0.1599485205194301,-0.1468287044262672
676,1176,2.699699826864356,0.10680427577820646,1.1781302681601376,0.02023906100089896
677,1177,2.650736286428183,0.12290417702378577,-0.2849047067545665,0.7319780959057519
678,1178,2.6636511559756335,0.10700709222896163,-1.4216718299383844,-0.5748901789671231
679,1179,2.672525213336024,0.11625762741162693,-1.2690438213881434,-0.738346892877708
680,1180,2.6544650999641846,0.10843770329206456,-1.1589529504148361,-0.6222710457571262
681,1181,2.645477172395677,0.11296973313651124,-0.8915247665022463,0.2401543887796297
682,1182,2.6971307367667734,0.11027061612634635,2.3428445302451566,-1.190512125521519
683,1183,2.6832498592654757,0.12011510294253593,1.7558819027319201,-0.9425146119335832
684,1184,2.6785892575276633,0.14112688988544225,2.454580866524703,0.5616436125948484
685,1185,2.6076115032668126,0.10311211929313376,0.4687427880046885,-0.6048123812158998
686,1186,2.650103653244646,0.11329515523964771,1.0064049512631497,-0.05947300571798171
687,1187,2.670852772123211,0.11027768491563482,0.47616255985266004,0.28009320471831783
688,1188,2.66119319262861,0.0972873116640858,0.684333676617357,-0.4205505567788664
689,1189,2.6654546540018607,0.08037111218608292,-1.0185942624520374,-0.13630749903259246
690,1190,2.655249087844355,0.11707335466916287,1.8701059587168585,0.848889392591603
691,1191,2.6432318854849233,0.09074885275385992,1.2181110670662576,0.3240368666615039
692,1192,2.6897101560694248,0.13723565478603045,0.9665880821320117,-0.9141166699042413
693,1193,2.6565128345003917,0.11257377833086031,1.4608626492342247,1.4944024935979305
694,1194,2.6664542092488848,0.11358986829360247,-0.538702425453212,-2.4683686026121543
695,1195,2.6540741407622286,0.10086433608057126,1.3123983861196487,1.4167210749077934
696,1196,2.6722494604087115,0.09358670914645331,-1.3953813353550601,-1.604453880977323
697,1197,2.638598625612327,0.10374499666325086,0.9887679754967267,1.0915087480237728
698,1198,2.683369194525537,0.09348687269234528,-0.18285256125762894,-0.9524155859972772
699,1199,2.660123621441345,0.08796416539886866,-0.13636084436417706,-2.2674861783652145
700,1200,2.6306165017994636,0.10884233184572678,1.071633217556488,2.2573245041474364
701,1201,2.696596399911975,0.09204155486139595,0.3707822463323442,-0.8635004700027379
702,1202,2.6439416413539276,0.09356025159054002,0.062194762454853725,0.7529896845927361
703,1203,2.6813034066263652,0.14590251818902947,0.42601500691431937,0.28765557619642035
704,1204,2.6256856435050895,0.09160944627554761,0.6556793270381549,-0.9343169670919069
705,1205,2.6838426711913725,0.08142189034177041,2.2528825284978935,0.2914576788562196
706,1206,2.676023215832514,0.08019523686758058,2.1152539593194817,0.19212714304405204
707,1207,2.6194427596934466,0.09020674878624027,0.727532166178252,-2.2996905402571475
708,1208,2.681558079719517,0.09379936628519758,1.0811491935049378,0.5429144407041203
709,1209,2.6362642504836256,0.07501720552188934,-0.0796886965818527,-0.5998204533414758
710,1210,2.6854335821774002,0.09047308035376388,1.3162452952344699,1.5465219695265782
711,1211,2.6747839902528314,0.09903087171655255,0.8274430409455579,1.7384950817138354
712,1212,2.6424730209757876,0.09890072124646496,-0.17678348495915955,-1.6918705475787839
713,1213,2.6457231846698006,0.10873695430622135,0.4016057346557134,-1.8722822750031087
714,1214,2.640537752624473,0.08725100653805326,1.4740601816862229,1.2512278080383652
715,1215,2.673714894589281,0.0919302280131307,0.47594497705621674,-2.9693131441714558
716,1216,2.6479140781683976,0.0771278670391631,-0.2769233935537708,2.96498433244583
717,1217,2.674249263213172,0.1019510914902257,-0.4604895173566769,1.8843554049675477
718,1218,2.656708346428523,0.09659914005682811,1.5764776362389499,-2.3155222434065266
719,1219,2.6892734852653133,0.1197295073776383,-0.2620560230972811,0.4933692402534621
720,1220,2.6537424759182167,0.0960675358347001,1.9757806799828501,-1.5653497564072223
721,1221,2.6556171610654427,0.1271539041084991,0.26514792101041945,0.14200702319675046
722,1222,2.655346401726705,0.11620257702996337,0.40585534407806656,0.0909251778634782
723,1223,2.644536123438454,0.08733790327663037,0.6786066300678355,-0.1872057456760897
724,1224,2.6494077477409994,0.09658027886848099,-0.11396393571178468,0.07531381736289565
725,1225,2.683563392594193,0.09915929297270498,1.4826911246973848,-0.42007105912571213
726,1226,2.646604416556421,0.10624891172210643,-1.1827873576259784,-0.8859617681164474
727,1227,2.6441195202649124,0.1158542072188184,0.6005717200003228,0.4526203147928839
728,1228,2.671258479999807,0.11146762676096857,1.5922454753804474,-0.09243703257214786
729,1229,2.6571574193276573,0.10616771306371306,0.5933173928059824,0.23672815218022789
730,1230,2.6690214651652298,0.0871429609073299,0.07521938049398574,-0.4155701503217898
731,1231,2.6520389657783516,0.109304747751159,0.8031710486909875,-0.13000220661588027
732,1232,2.6379049863847963,0.10877515553697381,0.19389430076576192,-0.23884947099672818
733,1233,2.6860468987237756,0.11081678739610251,0.7958708045176668,-0.14372228583849742
734,1234,2.6710525463772843,0.121897357464527,0.6934663203063809,0.3691954986335607
735,1235,2.674377681309165,0.14052371956675883,-0.15670498667597998,-1.758512120529995
736,1236,2.6563647522602083,0.11303598455223024,1.04093248482096,1.4518649146856275
737,1237,2.6840178881899712,0.11061911248872239,0.39559462502462994,1.0116685023583727
738,1238,2.637515670980473,0.10444538887540424,2.3627902761623765,-0.560344076106635
739,1239,2.680856303617487,0.10473766967603072,-0.033393197095192645,1.1079393362053114
740,1240,2.6899288983598235,0.08980210252303367,-0.29993807547142065,0.7934856117812213
741,1241,2.6598908245488997,0.08255669902170358,-0.46008663807542916,-1.553401918823856
742,1242,2.64848028251096,0.14100133539512405,2.1197092310673615,1.6256014656383653
743,1243,2.6752971006889883,0.08184269011923848,0.2692975336738865,-0.9773827477623194
744,1244,2.6843585911109185,0.08660822877470306,0.24916438323620038,-0.8173379171290052
745,1245,2.6467352419496977,0.10633579889365778,0.7483733544142834,0.6084297150839175
746,1246,2.6782699087082604,0.09115187720431056,-0.7331958170386064,-0.774251663891743
747,1247,2.6419738300193187,0.1072674781417679,1.7192839045347168,1.3082836658825605
748,1248,2.679188315127099,0.0881145064997692,-0.7466532273544129,-1.3644026673930179
749,1249,2.635542523438876,0.1219864073547149,1.6747313786981608,-0.3966154965462867
750,1250,2.6451290289448064,0.07873324280717217,-0.7949947633716723,-0.2687814841622368
751,1251,2.633198043335436,0.09475053573790948,2.3443326613982873,0.8924472057202841
752,1252,2.650807699844807,0.0867619923476916,-1.3529196509997043,-1.2814912090274206
753,1253,2.6663845320252215,0.10069384979793125,2.259761974551677,0.8393338460048992
754,1254,2.65640788175959,0.0890487558737474,0.4418046633094661,0.505549862401807
755,1255,2.663820948425251,0.1158590448823521,0.24389471378185779,0.37879120489833223
756,1256,2.6578108711262383,0.08342206653160239,1.367679996903574,-1.290391892979115
757,1257,2.660896830511316,0.12653059007436412,0.9569945420413155,0.2173911400809606
758,1258,2.6441115179273273,0.11884392056133007,1.228538106692543,0.05106588189003332
759,1259,2.631505307771649,0.1064264081906955,1.349623704353829,0.3271709113378633
760,1260,2.6874076519927717,0.1061683761127684,0.5209870874988736,-0.6997072604265903
761,1261,2.637708500020066,0.08208162094885962,0.6821200269744443,0.6068284307579647
762,1262,2.678589717693844,0.11362528717259712,0.23034659175124672,-0.6872515037968709
763,1263,2.6405391460378054,0.08500188563050495,1.0669629777845868,-1.1569486152047015
764,1264,2.675867827226929,0.1131517313640774,0.5174073058896631,1.4209277976776775
765,1265,2.637850409536129,0.10330821793335847,0.6624194123706186,-2.188067823237541
766,1266,2.6454282155747246,0.10336034328647574,0.9736828439540789,-1.8085563988007094
767,1267,2.6742765182323955,0.1247107465459549,0.5242044529619504,-0.3770949435900173
768,1268,2.677996757222475,0.11032374081582119,-0.19257308654164867,0.6885663538257593
769,1269,2.6499358079853588,0.0882091948989666,-1.0892471695513535,-0.3171106658912703
770,1270,2.6680729582350438,0.10414384425618904,1.9213772021215563,0.01720137909511585
771,1271,2.6395631095509557,0.10431641782030314,-0.7018241314429345,-1.849043300353944
772,1272,2.6704828617856653,0.11243228324773508,2.072215075657686,0.9516184651148052
773,1273,2.6516816761529967,0.11197831489580276,1.1788501033692447,-0.45032672172186505
774,1274,2.666268821492325,0.10999277179533318,0.8037775186929419,-0.09698074673263803
775,1275,2.664828942206622,0.14521068409466742,0.025311985114807874,-0.24279459604174847
776,1276,2.660192744254363,0.09385106211965931,0.29896438503081196,0.1016005936055949
777,1277,2.6447460556029516,0.10560795662438317,0.5875451247278145,-0.8044351488101856
778,1278,2.671828224113129,0.07921262907741954,1.073941462100789,-0.13677912939526465
779,1279,2.663900028564428,0.08401832105583919,1.3405009034669482,-0.622167786669586
780,1280,2.635793554439291,0.11071678912640022,-0.05530550411057114,0.1541053356927627
781,1281,2.6571039749061343,0.12316174263456717,0.8552835016858978,0.5465917885686726
782,1282,2.6439174504520198,0.1280389104225971,0.47625989249488027,-0.0003500182693993992
783,1283,2.6816571188259535,0.07400139054756276,0.7273219171082973,-0.5329390936612267
784,1284,2.6577610180909903,0.10997643583827442,-0.30858213383847616,0.5676734192148957
785,1285,2.6471580335074307,0.09798414893310115,-0.02346612469897534,-0.5761591049426291
786,1286,2.7097151540728093,0.10102027106318305,-0.4486999117216772,-0.17058194941602278
787,1287,2.6203792922521596,0.09144222929266252,1.5386219340073306,-0.008084909558363981
788,1288,2.718391233309962,0.10068327504753626,-0.688521115456005,0.16749655615868825
789,1289,2.622323188001007,0.09517359619155821,1.0172269746556322,-0.32522349073757123
790,1290,2.677355322641721,0.11072729974007785,-0.32244542669547627,-0.5037884226174637
791,1291,2.672980841727279,0.11136151267348558,-0.36838521737413654,-0.36119561812313467
792,1292,2.650697356556499,0.10372696145114736,1.8924258348280723,-0.6323765335415863
793,1293,2.65402082171636,0.10522153214772302,1.4683392788531913,-0.3797204823199932
794,1294,2.6705149300904654,0.10337310898187198,0.3832490059545785,0.24832392957072275
795,1295,2.6631487890099383,0.09296338655853655,1.2381269863602633,-0.12472687084854425
796,1296,2.6304097192113995,0.08457951803845416,0.17374219292321652,0.11175778989391827
797,1297,2.6430173756636486,0.07962434745979428,0.05719840862721018,-0.6438958997220947
798,1298,2.6644513709953626,0.0707034828233241,-0.8601024811024207,-1.0247531940326153
799,1299,2.6643111178051977,0.08307593406317162,0.2168182163890834,0.32849722368768935
800,1300,2.6496514147101693,0.1130983122346391,1.32350802237853,-1.0200846821686995
801,1301,2.6586998276777227,0.10472575307378315,0.3306045435223162,0.6456991197212306
802,1302,2.6565646061795936,0.11052469488761335,-0.0873297390573594,1.301611862492179
803,1303,2.671096935383595,0.07891588348303466,0.9083476743426743,-1.7933851236266147
804,1304,2.6646251458612245,0.10884237662308249,0.11576259669271682,0.32440866349613917
805,1305,2.6715398687864473,0.09965936907641773,0.5377572558138283,-2.041772687485557
806,1306,2.6853693857669167,0.09204756595688175,1.5842652520268785,-0.9432351571332361
807,1307,2.7062919458315795,0.09607498981042015,1.1798011066260807,-1.481062356624087
808,1308,2.612394896355021,0.09070263898642703,-0.11419936895520189,1.1294982486234528
809,1309,2.7016689714082296,0.08005555432875563,1.786735611238345,0.07583902768205363
810,1310,2.6398498897295313,0.07723994705309517,-0.37739326110062776,-0.0793147283616927
811,1311,2.68463509302125,0.1031155900753987,1.5211442507502921,0.3323088233236251
812,1312,2.607872168028097,0.08298168839534147,-0.4624920946204769,-0.3013631891825606
813,1313,2.698692866263267,0.11461002900336213,1.92645933170465,-0.7028094364832566
814,1314,2.648227937900064,0.09069271524289252,-0.8739176920800539,0.3094836455100788
815,1315,2.6389636943316295,0.08246979913111994,0.8886370799599114,-0.14233149096703518
816,1316,2.6998134050662,0.10317581047491543,0.14041010488831046,0.877644716984967
817,1317,2.625446002168067,0.08557206201184499,1.3940753404972406,-1.2318142878664065
818,1318,2.6816938062595557,0.1147676601578211,2.2931208033260893,0.1993783371942834
819,1319,2.6697833704151464,0.1046174067489236,3.760833158224594,0.6956241249558296
820,1320,2.656467209866586,0.07620959586161677,-1.0943805723948767,0.8226055824246876
821,1321,2.6676696260847277,0.12076312923093108,2.4828424150990696,0.9691002462912259
822,1322,2.6880162446108056,0.09467821869680344,-1.440676812442011,-0.7750897221031076
823,1323,2.670281846285331,0.09742453683095201,2.212787878228416,0.3648350617017506
824,1324,2.652652368249632,0.10263100596569306,-0.7164443244433234,-1.7266852505630945
825,1325,2.6814209850076836,0.08232166991821491,1.7857113358551069,1.9610497840495908
826,1326,2.634412498010331,0.09744067336772295,2.0399746765249596,1.0015183757712052
827,1327,2.640383349246911,0.0954714182981209,1.907787790804676,0.894366094563112
828,1328,2.6642864711250156,0.10235341267924081,0.9063014476832182,-1.2759582430494443
829,1329,2.6540526131483815,0.10341572528770038,0.8651790237167923,0.6714704074472427
830,1330,2.664119479249284,0.12064016356493845,1.544110362857406,-0.9969284209815272
831,1331,2.660110344007631,0.13254244907155072,2.328470533088752,-1.1950429774001134
832,1332,2.663874287916841,0.08504777661522608,-1.7015373804418659,2.3656189519821123
833,1333,2.660645813837328,0.08249442005308764,-1.674498018900988,2.78912498154259
834,1334,2.6672974027192966,0.08191506677509061,-1.3408643056346927,3.25185860570265
835,1335,2.6539452297977255,0.0748623086412741,0.29939311328073387,0.4875271685058088
836,1336,2.654009311300492,0.09289404268891034,0.8807751663849405,-1.5899779614946743
837,1337,2.6723564666506756,0.08129799626390614,0.277322258888754,1.7442930283682763
838,1338,2.660283130013355,0.12245139534010148,0.30753391731830954,-1.2321064673414082
839,1339,2.661587872658897,0.08170138498318937,0.39440418109333963,0.212591160047657
840,1340,2.670415751176853,0.1018207506319437,0.7572312700835061,-0.15595730125410015
841,1341,2.6622502448878063,0.06908631594862912,0.08832895708219764,-0.047223941702924724
842,1342,2.646665382989636,0.12618309869089536,0.8179282299426396,-0.35485620543769136
843,1343,2.662940640072192,0.0814551175948759,0.8493584086396824,-0.19584877080875435
844,1344,2.6886271344313433,0.09118923879672451,0.8688143806511555,-1.168681716325833
845,1345,2.63832351637745,0.11196260107846852,0.6332242604351668,1.002756366437661
846,1346,2.676009356144799,0.10157527772553059,1.478176524358738,0.1574507694248132
847,1347,2.648619092646495,0.10009738312203612,-0.6070653238665484,-1.0478867970703007
848,1348,2.665040993897101,0.07922091387408814,0.8634328048346894,0.5463612111754609
849,1349,2.666065640398659,0.11210000171427748,0.4066695273598615,0.2343588171352731
850,1350,2.6791080652984713,0.08841993529442968,0.968292425873824,-0.6907593933561773
851,1351,2.6622740879193607,0.11882646106086264,1.005236367222332,-0.7262169468854551
852,1352,2.6384720645830746,0.11326080066842766,0.5126755779295785,-0.4651863867251564
853,1353,2.629634718102737,0.12270508711870903,1.206606440466448,-0.022612148265553463
854,1354,2.690862453896501,0.08379920931508907,-0.07389466988956539,-0.15988383121210928
855,1355,2.6339541503318507,0.14858709266069997,0.25922235788139325,-0.0840497866578865
856,1356,2.6911982420023968,0.08124610327387423,0.9418031192298001,-0.34322793524374823
857,1357,2.6422643519820297,0.1121806065087496,0.4188445260282061,-0.24803410820625588
858,1358,2.6579935168517257,0.12596264047351519,1.681912521312264,-2.0118226448636123
859,1359,2.6591494441469994,0.08369491100693338,-0.3733018667962717,1.5547957304118254
860,1360,2.658925755405788,0.09021745546818746,0.41141224971938306,-0.39937765870998443
861,1361,2.666590236609644,0.08082187222866329,0.5552991259754894,0.37644248643120803
862,1362,2.6571855128964477,0.09424258033873481,0.37527390455096954,-1.0228319677301483
863,1363,2.6691230085044233,0.08862899739085506,1.2661300268299294,0.9207360479985738
864,1364,2.652068450371762,0.08801463180963953,0.9015045051258482,1.1742669404579515
865,1365,2.6666473324519866,0.09599448238002466,1.3965699280413932,0.764774209329097
866,1366,2.656706099734997,0.09351873850696724,0.05180580127273489,-0.8129065534286796
867,1367,2.6563290631963983,0.09829173571538824,-1.188130355687349,-0.923302477630678
868,1368,2.684579818596902,0.0845118937089894,2.7764881987499956,0.3394171673403768
869,1369,2.6410188644128945,0.10731192573547059,-0.6670828673230045,0.287880415816144
870,1370,2.690602566318899,0.12869921994126565,1.475811148932364,-1.0473764560137342
871,1371,2.6384661105474545,0.1299160308632832,0.8030419004171886,0.6357783417056319
872,1372,2.674493352678728,0.09909483659313921,0.34986600435545845,-0.9113719706085629
873,1373,2.6471815535869836,0.10514232343218977,0.04435231226099284,-0.17314983703808642
874,1374,2.6426565894554885,0.09312647457640141,0.25574256199956846,0.46051856696912297
875,1375,2.651374713237949,0.08438787090495335,0.47735150259425263,0.461594670247172
876,1376,2.669301661266618,0.08383132075525776,0.1700201891471973,-0.8876327616752566
877,1377,2.6579309425136683,0.1055560365556852,0.6569794361732807,-0.5715220733966897
878,1378,2.637269007343562,0.07844328506065912,0.21164855611051936,-2.144740650188997
879,1379,2.6886524224294566,0.06135438741082856,-0.23161532046092698,-1.2292341787364356
880,1380,2.6551920986837634,0.11245829747943333,1.2232388794858822,-0.8949276387484502
881,1381,2.659375495567219,0.08198220865141999,1.143366147122,0.7725245510304953
882,1382,2.6446626040439742,0.09750945284981485,0.2828420916709056,-1.7686534259730753
883,1383,2.6609011660663753,0.0833393946674697,0.013600048300101336,1.2206565203111999
884,1384,2.6732340178855174,0.10594234304914056,0.7886783706404379,-2.0945045037340635
885,1385,2.660280785444965,0.10826217908536809,1.407291626390829,-0.8385008873016189
886,1386,2.664784107669072,0.12324752938146859,-0.26347705185672204,-0.6852568074206582
887,1387,2.6672743248889805,0.09542571848909882,1.6053758392249524,0.8039494249865807
888,1388,2.674780238872253,0.11352118128746597,0.8980834713236032,-0.508616267043979
889,1389,2.6720107525972403,0.10670000542926043,0.3879295780735672,-1.40698856372881
890,1390,2.6535045322412225,0.07852864658768281,0.6557026994583571,0.2393690263994336
891,1391,2.664247615523533,0.09211694772821571,1.3858616061804023,0.04614256120814302
892,1392,2.6772519242251303,0.1134043599372159,0.03915983624001419,0.19348621282167877
893,1393,2.6484531727828426,0.10389824873365773,1.5012448710796864,-0.6487233097821337
894,1394,2.6645261382672776,0.09266627278304686,2.5735905825405263,-0.04418605863842016
895,1395,2.648538968929667,0.1056120259713018,1.0575029945480452,0.3143643698980072
896,1396,2.673912865123228,0.11338076980127428,-0.9967951458463088,0.19140454227435857
897,1397,2.6244812172329315,0.1130639825463652,2.396064864441055,-0.1521316859564128
898,1398,2.66769871637188,0.11115956310304562,1.5392463178778366,0.940638129014528
899,1399,2.66903130398227,0.13114016677972298,0.49021306029749284,-0.7506256569351681
900,1400,2.6545778773275472,0.10105744331720669,-0.14730934777206714,0.27278845581579564
901,1401,2.6539148042236596,0.09254833541396552,0.20148059516795122,-0.2888803182508419
902,1402,2.6503726723680128,0.09965172996483582,-0.10169674941037507,-1.1801312674415434
903,1403,2.6883413199148656,0.10348314812010224,0.8878235875824539,1.048474736478942
904,1404,2.717757137815424,0.10863643041373362,1.4131190989399258,-0.5610632277587916
905,1405,2.6231943732571326,0.10458362767589326,-0.42437377693963024,0.41732057627963914
906,1406,2.6578047248390875,0.11493146620698766,1.6110856413743584,1.3116484056800752
907,1407,2.6550801290403507,0.12351459460349558,1.696467513658993,1.930688789935179
908,1408,2.647666800184668,0.1231971447198874,1.7113383249904022,0.8776898998082454
909,1409,2.6671379505214063,0.120538105613126,0.8000894344130902,1.0250925390122287
910,1410,2.659684921689574,0.10520327418799934,0.15530425865485847,-0.7657019485526178
911,1411,2.6597196555284186,0.09479361016636693,0.831137962555591,-0.49137947089280787
912,1412,2.668934776768688,0.0910887434295267,0.9363284430194107,0.2034327303351448
913,1413,2.6359746733681395,0.09946580113133818,-0.21892213414244024,-2.230474404037265
914,1414,2.6717672884316546,0.09155657243764001,1.3711555193548477,2.273879690911767
915,1415,2.6513516622681266,0.08995446192311808,-0.3363787712588992,0.07769145849528053
916,1416,2.67432099861687,0.0907851991972032,0.6979704952387565,-0.3266720185773417
917,1417,2.6509642138831144,0.08017435591777802,0.5435843384913426,-0.2246936684273464
918,1418,2.6669516589184936,0.11246330625392814,1.3034627530466363,0.3433602902435483
919,1419,2.655293847085745,0.10685150175895228,0.27442534212747915,-0.1921462149491884
920,1420,2.668619049888427,0.08477203982540812,1.4426054628395604,0.21105361589804136
921,1421,2.681289870013414,0.11791332591872089,1.264068845189763,0.01620957620299672
922,1422,2.646088566331174,0.10340604404039747,0.7949322024805296,0.4581589077348633
923,1423,2.679706836628868,0.08819803664862544,1.6831241676565143,-2.127449991583951
924,1424,2.661853043912066,0.08894476316755186,-1.443814832842514,0.8396333067747549
925,1425,2.684622582718865,0.11329707615150546,1.9629823554331687,-1.1754328597544017
926,1426,2.6258054315600132,0.09952201511695555,-1.128353702211525,1.4746901332100821
927,1427,2.691294760978252,0.08095314883096671,1.2557830634703568,0.03047986128386107
928,1428,2.650176660139627,0.09256857660768215,0.3891892995274055,-0.8494690736223266
929,1429,2.6941725699332273,0.10115009976606464,2.124050359628491,-1.5009500925458283
930,1430,2.669909643422175,0.11741243260130596,1.859784457255259,1.149500007169901
931,1431,2.6685537420996654,0.128868699407555,-0.017770931313954033,-1.7974477446185682
932,1432,2.667668235177874,0.09098169537836483,1.7786756001719917,1.2909149394322976
933,1433,2.6575064009012244,0.10498358051159863,-0.07977516481354215,-0.0017412589892280839
934,1434,2.6627665133493865,0.0769349667609932,1.3651774514906156,-0.21475082032922546
935,1435,2.6355068859417643,0.11675025057661084,-1.0939366089352205,-0.5141577592264284
936,1436,2.6473472774331706,0.12568397141214582,-0.019278304708625932,-0.41438766236056135
937,1437,2.662167399667563,0.10196967139488655,1.4248069422034122,0.38553992040465335
938,1438,2.6371761555609643,0.11500534269683355,0.40363171376440615,-0.827490851797879
939,1439,2.640806923153451,0.11449628425799553,0.012802960190565428,-0.9495180171157416
940,1440,2.659399931806464,0.08930146082545559,1.3405503968570422,0.28307646430827443
941,1441,2.6517590897835115,0.09583222167702747,1.4702683137053667,1.1095370969799763
942,1442,2.660522850980858,0.06596971611438592,0.7924558480971173,-0.07714210238188965
943,1443,2.632470971752437,0.14602713122500233,0.5923243225141286,-0.4493335139926744
944,1444,2.686828220284366,0.12175166722695117,0.8531688723324184,-0.9320891986037804
945,1445,2.6806125487459775,0.12582674355585646,1.1144136510205267,-0.299526139176623
946,1446,2.6401890212633328,0.10983872683578533,0.9388801130064248,0.3963153496591583
947,1447,2.6703899142231315,0.09823192373062256,0.3653064857237488,-0.4720166839460858
948,1448,2.674889297843752,0.09117937309043903,1.15307373077472,0.5806425478216762
949,1449,2.6703015921020783,0.09948476579427545,0.7062047666447112,0.5418170687853028
950,1450,2.675740237641292,0.08736770801235082,1.351211891103475,-0.8483853135622805
951,1451,2.673715550830703,0.10374037168875987,-0.040362952609058665,0.04245247597989579
952,1452,2.6644137938824914,0.10300251062326135,1.609360684139136,-0.5889959303892189
953,1453,2.6535984501924914,0.09541962180164093,0.3692176648556329,-0.204077649509418
954,1454,2.6747120816353958,0.08868912712202578,0.45048080788034983,0.7493373380503235
955,1455,2.640820810670614,0.12058626312518321,0.5759825815562705,0.3592184385209969
956,1456,2.7028738767191665,0.09816726428612109,-0.08753987197937262,0.7113419596613202
957,1457,2.6427255521753255,0.08240560405971781,0.3631768537004837,-1.5199908459014129
958,1458,2.671566255157927,0.08094533380866505,-0.9580467573956468,-1.093379558854785
959,1459,2.651478624466941,0.0969065629148852,2.2019109165057698,0.4914236891106909
960,1460,2.6699570542931323,0.10594755605432528,-0.7566685910197621,-0.8159613246462498
961,1461,2.6934368411694853,0.10078957046195511,0.039686017458861494,-0.06852910925929669
962,1462,2.6365060554497295,0.09699672546381892,1.306415300158351,-1.2508432755021708
963,1463,2.6421818434537796,0.10213699733555659,0.8867020799471966,0.1635308809143227
964,1464,2.681612464573984,0.09264746743398593,-1.0629123729409322,-0.5424283972786439
965,1465,2.644850769488774,0.08865992576593323,1.9757022864378935,0.2915548915635911
966,1466,2.678630394579668,0.1137280351462634,-0.8218954915069382,-0.18697129333504214
967,1467,2.652118490640321,0.10006315646004404,-0.7749829785980981,0.3484453561757889
968,1468,2.6868399219570303,0.1081492555732515,1.8848575510687364,-0.07903998133099638
969,1469,2.691180815933639,0.08870112615189205,1.139754586215866,-1.2266909793514966
970,1470,2.653129360126094,0.11822511054866536,0.07658079655138064,0.8388983126220185
971,1471,2.6664508899145187,0.09582587226940882,1.1326869429467494,-0.40155696455651013
972,1472,2.647458311423893,0.08953400628094765,-0.22759900070572095,0.4310317008912862
973,1473,2.7113500854881725,0.0824685323153162,1.646920833368661,-0.2986966695241922
974,1474,2.6259899726292493,0.10119846671375231,-1.0496903728955376,-1.9314083707035359
975,1475,2.6414444064203395,0.09743622730312126,0.1749001510205721,-0.7899887464912708
976,1476,2.655336657808404,0.08376858697999,0.4603117291660028,0.057297722986262664
977,1477,2.6652930362314504,0.09768064484836801,-0.29001739510422797,-0.32434281790145914
978,1478,2.6333528399166646,0.06895008462500639,-0.5438524132457675,1.2154403323832255
979,1479,2.678384679029247,0.08347283639029078,-0.028434690982058457,0.9111039802339014
980,1480,2.639150325300998,0.09863475758219738,-0.18296795602643687,-0.513182645365263
981,1481,2.670403399893281,0.08519990467567834,-0.8887707851072637,-0.46871452805973507
982,1482,2.6349387588667756,0.10788756641222652,2.1967550389409527,-0.09315003762781753
983,1483,2.667518705107064,0.09318525088660823,1.1270506647261296,-0.34285584131381364
984,1484,2.6586697615886954,0.10466839579912353,-0.17300693603358586,0.2715676361352002
985,1485,2.646987942929732,0.090932439674887,0.7571749724912252,-0.8490831471465905
986,1486,2.6371669154753805,0.09280412088287227,0.6816581841088671,0.7741746679472321
987,1487,2.6861157101370203,0.12062462999407567,0.8415399609891421,-0.3408502993192864
988,1488,2.6494307624123152,0.08088940412541794,1.118454028436556,-0.054683915411413285
989,1489,2.659322858923716,0.08418834884260594,1.1723758982392858,-0.10083304016139712
990,1490,2.6719000244341067,0.10875819844130437,1.107867928947638,0.2979864087547338
991,1491,2.6604977536083028,0.09306548461830046,0.8264482506984763,-0.8135830757284341
992,1492,2.662695943741791,0.094425500834544,-0.24233222205243818,0.7259752129567982
993,1493,2.6638314442134012,0.12766697198421892,1.2917610637193806,-0.3188061688330885
994,1494,2.6618911458966985,0.13570997091739992,1.4063644319798063,-0.23607108946084593
995,1495,2.6633795390047603,0.08949696647939959,0.9614624852400836,-0.08648295427942608
996,1496,2.648548164623681,0.08725891464686276,1.0100728963569952,-0.5665837449281247
997,1497,2.6867673493531377,0.09715651175086636,0.2288478666088184,0.6198028492735638
998,1498,2.6347427209740335,0.09579329114740795,0.7622243581162053,-0.47304239630324024
999,1499,2.680709556450447,0.08608787662734216,0.8876898204901953,0.5829973764879133
